index;counterpart_id;country;rating;industry;transaction_date;amount;country_name
1;6,0;37;;;01/01/2023;-9683,7;
2;59,0;29;;;01/01/2023;-9137,6;
3;87,0;5;;;01/01/2023;-371,3;
4;16,0;44;;;01/01/2023;-1753,2;
5;48,0;14;;;01/01/2023;-6122,2;
6;71,0;30;;;01/01/2023;-6694,0;
7;56,0;11;;;01/01/2023;-1955,2;
8;24,0;32;;;01/01/2023;3615,2;
9;34,0;40;;;01/01/2023;55,2;
10;22,0;41;;;01/01/2023;8625,6;
11;95,0;37;;;01/01/2023;-5988,6;
12;8,0;38;;;01/01/2023;-2799,7;
13;73,0;200;;;01/01/2023;7853,1;
14;87,0;28;;;abc;2323,2;
15;67,0;38;;;01/01/2023;-7322,5;
16;15,0;46;;;01/01/2023;3988,3;
17;31,0;30;;;01/01/2023;-506,1;
18;9,0;39;;;01/01/2023;-7901,6;
19;43,0;1;;;01/01/2023;5274,3;
20;10,0;5;;;01/01/2023;0,0;
21;52,0;29;;;01/01/2023;-5022,9;
22;83,0;19;;;01/01/2023;1130,2;
23;5,0;25;;;01/01/2023;7176,0;
24;25,0;9;;;02/01/2023;-4364,6;
25;62,0;12;;;02/01/2023;4522,0;
26;50,0;15;;;02/01/2023;4195,6;
27;71,0;47;;;02/01/2023;1610,0;
28;8,0;35;;;02/01/2023;6738,8;
29;53,0;29;;;02/01/2023;-9834,4;
30;12,0;35;;;02/01/2023;-9276,3;
31;25,0;15;;;02/01/2023;-7223,6;
32;31,0;33;;;02/01/2023;1693,6;
33;13,0;27;;;02/01/2023;-8538,3;
34;20,0;9;;;02/01/2023;-901,8;
35;55,0;37;;;03/01/2023;-3436,9;
36;45,0;36;;;03/01/2023;9300,7;
37;58,0;30;;;03/01/2023;-5200,3;
38;67,0;24;;;03/01/2023;2683,6;
39;49,0;45;;;03/01/2023;-7967,0;
40;25,0;37;;;03/01/2023;6622,8;
41;28,0;38;;;03/01/2023;6657,1;
42;44,0;50;;;03/01/2023;-6213,4;
43;43,0;16;;;03/01/2023;-1055,9;
44;81,0;49;;;03/01/2023;7,1;
45;50,0;27;;;03/01/2023;3172,8;
46;85,0;44;;;03/01/2023;-3381,1;
47;18,0;45;;;03/01/2023;1306,4;
48;27,0;41;;;03/01/2023;3616,1;
49;28,0;50;;;03/01/2023;-8525,3;
50;27,0;14;;;03/01/2023;7942,0;
51;65,0;40;;;03/01/2023;-5347,4;
52;37,0;27;;;03/01/2023;-6529,8;
53;44,0;26;;;03/01/2023;7890,6;
54;4,0;42;;;03/01/2023;-7159,3;
55;20,0;6;;;03/01/2023;8263,5;
56;23,0;52;;;03/01/2023;7466,2;
57;19,0;3;;;03/01/2023;-5517,1;
58;49,0;54;;;03/01/2023;-798,2;
59;91,0;19;;;03/01/2023;-9897,5;
60;62,0;33;;;03/01/2023;-2391,6;
61;35,0;9;;;03/01/2023;4288,3;
62;80,0;2;;;03/01/2023;672,3;
63;56,0;36;;;04/01/2023;9580,6;
64;73,0;40;;;04/01/2023;-4332,2;
65;3,0;3;;;04/01/2023;8574,7;
66;97,0;38;;;04/01/2023;-3728,4;
67;59,0;48;;;04/01/2023;4721,4;
68;43,0;11;;;04/01/2023;-8756,8;
69;65,0;52;;;04/01/2023;3489,3;
70;15,0;40;;;04/01/2023;-114,3;
71;65,0;52;;;04/01/2023;1849,1;
72;81,0;2;;;04/01/2023;7774,1;
73;4,0;22;;;04/01/2023;-7553,7;
74;40,0;0;;;04/01/2023;-9743,7;
75;89,0;54;;;04/01/2023;-2578,1;
76;95,0;48;;;04/01/2023;1728,2;
77;14,0;20;;;04/01/2023;6749,3;
78;20,0;38;;;04/01/2023;-4365,4;
79;73,0;1;;;04/01/2023;1473,8;
80;94,0;28;;;04/01/2023;-4184,8;
81;5,0;29;;;04/01/2023;-7116,4;
82;76,0;54;;;05/01/2023;3279,6;
83;8,0;19;;;05/01/2023;5878,3;
84;17,0;6;;;05/01/2023;-6728,2;
85;80,0;37;;;05/01/2023;4379,6;
86;73,0;54;;;05/01/2023;6518,5;
87;2,0;54;;;05/01/2023;-1854,0;
88;42,0;44;;;05/01/2023;-6124,1;
89;66,0;20;;;05/01/2023;-1160,5;
90;76,0;20;;;05/01/2023;-3570,7;
91;80,0;30;;;05/01/2023;6146,9;
92;96,0;38;;;05/01/2023;4026,9;
93;71,0;47;;;05/01/2023;361,5;
94;75,0;10;;;05/01/2023;-9259,9;
95;94,0;37;;;05/01/2023;-7043,7;
96;21,0;29;;;05/01/2023;-3450,9;
97;77,0;20;;;05/01/2023;863,6;
98;54,0;52;;;05/01/2023;-8554,1;
99;49,0;1;;;05/01/2023;4714,3;
100;9,0;5;;;05/01/2023;-4904,1;
101;38,0;39;;;05/01/2023;-8122,7;
102;62,0;34;;;06/01/2023;-1420,2;
103;8,0;50;;;06/01/2023;4742,8;
104;39,0;31;;;06/01/2023;-8749,6;
105;11,0;11;;;06/01/2023;9782,9;
106;79,0;46;;;06/01/2023;-9862,6;
107;17,0;49;;;06/01/2023;2972,1;
108;4,0;23;;;06/01/2023;2051,1;
109;83,0;46;;;06/01/2023;2954,8;
110;15,0;28;;;06/01/2023;-7185,9;
111;86,0;8;;;06/01/2023;2733,5;
112;16,0;38;;;06/01/2023;-8260,6;
113;55,0;22;;;06/01/2023;5654,1;
114;55,0;8;;;06/01/2023;-7780,4;
115;92,0;10;;;06/01/2023;5178,3;
116;24,0;36;;;06/01/2023;3119,3;
117;65,0;29;;;06/01/2023;-2722,6;
118;96,0;20;;;06/01/2023;-8297,3;
119;61,0;40;;;06/01/2023;363,0;
120;96,0;37;;;07/01/2023;-8714,9;
121;88,0;36;;;07/01/2023;4556,1;
122;69,0;5;;;07/01/2023;-9489,0;
123;37,0;16;;;07/01/2023;-2614,5;
124;82,0;20;;;07/01/2023;8942,5;
125;90,0;13;;;07/01/2023;3391,8;
126;99,0;25;;;07/01/2023;-8255,3;
127;3,0;9;;;07/01/2023;3867,8;
128;32,0;5;;;07/01/2023;4345,3;
129;34,0;45;;;07/01/2023;6030,2;
130;38,0;27;;;07/01/2023;9604,8;
131;71,0;38;;;07/01/2023;3133,5;
132;57,0;0;;;07/01/2023;7881,4;
133;100,0;10;;;07/01/2023;6668,9;
134;6,0;39;;;07/01/2023;-6693,9;
135;94,0;8;;;07/01/2023;7240,7;
136;67,0;1;;;07/01/2023;1830,8;
137;31,0;5;;;07/01/2023;8175,6;
138;35,0;12;;;07/01/2023;-1068,3;
139;5,0;39;;;07/01/2023;-4095,8;
140;37,0;34;;;07/01/2023;-9605,5;
141;29,0;11;;;07/01/2023;5829,5;
142;4,0;52;;;08/01/2023;-7915,0;
143;61,0;45;;;08/01/2023;3344,1;
144;85,0;46;;;08/01/2023;3357,6;
145;68,0;54;;;08/01/2023;-2789,9;
146;33,0;35;;;08/01/2023;3465,1;
147;11,0;1;;;08/01/2023;943,3;
148;100,0;9;;;08/01/2023;-107,8;
149;98,0;41;;;08/01/2023;2648,9;
150;96,0;46;;;08/01/2023;5063,1;
151;89,0;38;;;08/01/2023;-1562,0;
152;49,0;2;;;08/01/2023;-5628,2;
153;93,0;54;;;08/01/2023;4165,8;
154;41,0;0;;;08/01/2023;-2579,7;
155;28,0;28;;;08/01/2023;-4181,4;
156;86,0;50;;;08/01/2023;9618,8;
157;72,0;49;;;08/01/2023;-4109,7;
158;73,0;19;;;08/01/2023;-4139,3;
159;98,0;37;;;08/01/2023;2663,1;
160;12,0;38;;;08/01/2023;-1500,6;
161;57,0;11;;;08/01/2023;-5744,8;
162;43,0;5;;;08/01/2023;3842,6;
163;56,0;24;;;08/01/2023;-3703,1;
164;29,0;21;;;08/01/2023;-1912,9;
165;55,0;49;;;08/01/2023;-36,3;
166;75,0;7;;;08/01/2023;8755,8;
167;81,0;36;;;09/01/2023;-8996,5;
168;69,0;2;;;09/01/2023;-3862,2;
169;29,0;27;;;09/01/2023;-3437,4;
170;18,0;40;;;09/01/2023;8923,9;
171;7,0;43;;;09/01/2023;-9877,6;
172;73,0;19;;;09/01/2023;2625,5;
173;11,0;21;;;09/01/2023;-6526,0;
174;88,0;36;;;09/01/2023;-3307,9;
175;24,0;6;;;09/01/2023;2891,5;
176;61,0;30;;;09/01/2023;3536,9;
177;16,0;39;;;09/01/2023;481,6;
178;87,0;33;;;09/01/2023;2630,5;
179;36,0;4;;;10/01/2023;7543,4;
180;26,0;6;;;10/01/2023;1515,4;
181;86,0;33;;;10/01/2023;-2295,9;
182;53,0;8;;;10/01/2023;5371,8;
183;34,0;1;;;10/01/2023;4886,0;
184;78,0;18;;;10/01/2023;-1846,0;
185;61,0;8;;;10/01/2023;-1185,3;
186;62,0;40;;;10/01/2023;1423,1;
187;90,0;53;;;10/01/2023;4744,0;
188;54,0;42;;;10/01/2023;-6538,2;
189;37,0;8;;;10/01/2023;-4715,0;
190;95,0;3;;;10/01/2023;-7971,8;
191;60,0;2;;;10/01/2023;5423,2;
192;91,0;24;;;10/01/2023;-6157,8;
193;29,0;35;;;10/01/2023;-9324,7;
194;45,0;37;;;10/01/2023;4336,2;
195;41,0;36;;;10/01/2023;7853,3;
196;21,0;14;;;10/01/2023;-2640,6;
197;16,0;48;;;10/01/2023;-2304,1;
198;89,0;30;;;10/01/2023;3013,8;
199;48,0;2;;;11/01/2023;2965,6;
200;23,0;15;;;11/01/2023;-2807,5;
201;32,0;18;;;11/01/2023;-4247,7;
202;37,0;32;;;11/01/2023;2469,7;
203;48,0;4;;;11/01/2023;5588,9;
204;81,0;51;;;11/01/2023;-8329,9;
205;13,0;6;;;11/01/2023;3893,9;
206;47,0;17;;;11/01/2023;-1329,9;
207;22,0;42;;;11/01/2023;9382,6;
208;60,0;19;;;11/01/2023;-7089,2;
209;12,0;46;;;11/01/2023;2706,0;
210;22,0;1;;;11/01/2023;2898,9;
211;8,0;0;;;11/01/2023;-8518,9;
212;38,0;52;;;11/01/2023;731,0;
213;89,0;54;;;11/01/2023;3441,8;
214;14,0;25;;;11/01/2023;3784,3;
215;50,0;12;;;11/01/2023;7998,0;
216;35,0;24;;;11/01/2023;5518,2;
217;82,0;30;;;11/01/2023;3446,1;
218;59,0;24;;;11/01/2023;-7076,5;
219;34,0;11;;;12/01/2023;-2351,7;
220;26,0;20;;;12/01/2023;7772,4;
221;99,0;11;;;12/01/2023;2912,2;
222;25,0;41;;;12/01/2023;-7614,2;
223;3,0;27;;;12/01/2023;7678,1;
224;19,0;17;;;12/01/2023;-9326,8;
225;64,0;12;;;12/01/2023;8727,2;
226;26,0;29;;;12/01/2023;-2080,7;
227;53,0;48;;;12/01/2023;-1076,8;
228;89,0;40;;;12/01/2023;2823,6;
229;24,0;2;;;13/01/2023;7177,3;
230;49,0;47;;;13/01/2023;8628,2;
231;89,0;46;;;13/01/2023;4030,2;
232;33,0;7;;;13/01/2023;6444,4;
233;81,0;34;;;13/01/2023;3468,4;
234;39,0;8;;;13/01/2023;1670,6;
235;33,0;54;;;13/01/2023;-7915,6;
236;36,0;48;;;13/01/2023;-5909,0;
237;84,0;46;;;13/01/2023;-6968,5;
238;56,0;8;;;13/01/2023;-5886,4;
239;7,0;31;;;13/01/2023;1492,1;
240;55,0;15;;;13/01/2023;-1965,6;
241;63,0;44;;;13/01/2023;-1762,6;
242;88,0;21;;;13/01/2023;-3198,3;
243;;0;;;13/01/2023;7128,3;
244;83,0;30;;;13/01/2023;-6615,6;
245;21,0;13;;;13/01/2023;-1572,3;
246;56,0;52;;;13/01/2023;2758,1;
247;44,0;25;;;13/01/2023;-1072,5;
248;63,0;47;;;13/01/2023;5180,4;
249;10,0;15;;;14/01/2023;5294,8;
250;90,0;16;;;;-8284,2;
251;56,0;35;;;14/01/2023;-8463,9;
252;94,0;20;;;14/01/2023;-4869,5;
253;90,0;52;;;14/01/2023;-5399,5;
254;95,0;2;;;14/01/2023;-777,8;
255;12,0;22;;;14/01/2023;-688,8;
256;88,0;6;;;14/01/2023;4192,9;
257;8,0;17;;;14/01/2023;-5920,9;
258;65,0;12;;;14/01/2023;6911,7;
259;83,0;33;;;14/01/2023;8877,6;
260;54,0;6;;;14/01/2023;-9484,9;
261;82,0;13;;;14/01/2023;-8916,8;
262;43,0;24;;;14/01/2023;3186,0;
263;69,0;35;;;14/01/2023;1931,8;
264;55,0;2;;;14/01/2023;4398,1;
265;95,0;22;;;14/01/2023;-2302,2;
266;41,0;22;;;14/01/2023;-2515,2;
267;46,0;0;;;14/01/2023;-6567,5;
268;34,0;22;;;14/01/2023;-7069,3;
269;7,0;44;;;15/01/2023;3370,9;
270;36,0;6;;;15/01/2023;-4855,5;
271;94,0;12;;;15/01/2023;-3803,1;
272;32,0;30;;;15/01/2023;5473,5;
273;57,0;6;;;15/01/2023;-4294,5;
274;47,0;48;;;15/01/2023;9601,6;
275;14,0;14;;;15/01/2023;6463,9;
276;65,0;22;;;15/01/2023;3784,2;
277;92,0;31;;;15/01/2023;3867,8;
278;92,0;38;;;15/01/2023;3857,7;
279;47,0;8;;;15/01/2023;-4551,5;
280;1,0;39;;;15/01/2023;-8357,3;
281;92,0;16;;;15/01/2023;9306,7;
282;68,0;7;;;15/01/2023;8901,9;
283;99,0;26;;;15/01/2023;6316,9;
284;39,0;8;;;15/01/2023;-1796,7;
285;14,0;43;;;15/01/2023;-823,6;
286;96,0;4;;;15/01/2023;4978,0;
287;83,0;39;;;16/01/2023;4442,6;
288;83,0;3;;;16/01/2023;1829,5;
289;65,0;26;;;16/01/2023;9963,7;
290;53,0;45;;;16/01/2023;758,4;
291;92,0;4;;;16/01/2023;8704,4;
292;4,0;25;;;16/01/2023;-5459,3;
293;24,0;28;;;16/01/2023;-2462,6;
294;49,0;26;;;16/01/2023;-4261,4;
295;46,0;30;;;16/01/2023;2290,7;
296;64,0;52;;;16/01/2023;-8332,8;
297;21,0;42;;;16/01/2023;9032,8;
298;43,0;21;;;16/01/2023;6356,0;
299;26,0;42;;;16/01/2023;5190,2;
300;24,0;27;;;16/01/2023;8716,6;
301;85,0;40;;;16/01/2023;1350,0;
302;100,0;7;;;16/01/2023;-2456,8;
303;7,0;42;;;16/01/2023;9130,8;
304;80,0;29;;;16/01/2023;-4104,7;
305;37,0;38;;;16/01/2023;4704,0;
306;19,0;27;;;17/01/2023;6395,0;
307;89,0;28;;;17/01/2023;-7111,6;
308;1,0;38;;;17/01/2023;-4161,8;
309;56,0;50;;;17/01/2023;-7519,7;
310;77,0;37;;;17/01/2023;-9729,7;
311;85,0;39;;;17/01/2023;-9510,3;
312;78,0;3;;;17/01/2023;6266,1;
313;75,0;45;;;17/01/2023;-8585,2;
314;73,0;18;;;17/01/2023;4679,8;
315;90,0;7;;;17/01/2023;-4204,0;
316;81,0;7;;;17/01/2023;5958,5;
317;82,0;36;;;17/01/2023;383,0;
318;48,0;17;;;17/01/2023;-9090,8;
319;77,0;14;;;17/01/2023;-8058,4;
320;27,0;28;;;17/01/2023;-1540,7;
321;46,0;32;;;18/01/2023;2939,5;
322;1,0;19;;;18/01/2023;4326,1;
323;5,0;13;;;18/01/2023;7450,3;
324;83,0;47;;;18/01/2023;-5256,9;
325;62,0;32;;;18/01/2023;-1579,9;
326;28,0;12;;;18/01/2023;4431,9;
327;38,0;23;;;18/01/2023;-8361,8;
328;66,0;35;;;18/01/2023;-7082,5;
329;100,0;9;;;18/01/2023;-819,2;
330;86,0;54;;;18/01/2023;-6841,1;
331;33,0;1;;;18/01/2023;3817,3;
332;12,0;35;;;18/01/2023;2262,5;
333;100,0;38;;;18/01/2023;-4123,0;
334;89,0;36;;;18/01/2023;-6363,9;
335;74,0;45;;;18/01/2023;382,2;
336;13,0;38;;;18/01/2023;-5839,6;
337;48,0;46;;;18/01/2023;-4793,4;
338;38,0;21;;;18/01/2023;7526,2;
339;23,0;44;;;18/01/2023;-2633,1;
340;83,0;49;;;18/01/2023;8579,4;
341;33,0;13;;;18/01/2023;-5886,8;
342;2,0;36;;;18/01/2023;-5143,6;
343;48,0;11;;;18/01/2023;-8575,2;
344;49,0;17;;;18/01/2023;-9654,2;
345;17,0;32;;;18/01/2023;7379,3;
346;95,0;32;;;18/01/2023;3323,9;
347;67,0;37;;;18/01/2023;71,3;
348;1,0;40;;;18/01/2023;9896,4;
349;27,0;37;;;18/01/2023;-8417,0;
350;67,0;20;;;19/01/2023;8038,2;
351;97,0;34;;;19/01/2023;-7033,3;
352;66,0;30;;;19/01/2023;-9197,8;
353;46,0;35;;;19/01/2023;-9314,7;
354;16,0;29;;;19/01/2023;-2687,6;
355;45,0;6;;;19/01/2023;8667,7;
356;22,0;3;;;19/01/2023;8607,8;
357;54,0;14;;;19/01/2023;8042,7;
358;48,0;34;;;19/01/2023;-2767,2;
359;9,0;2;;;19/01/2023;-2253,1;
360;17,0;14;;;19/01/2023;5340,1;
361;6,0;41;;;19/01/2023;-647,9;
362;67,0;0;;;19/01/2023;6883,5;
363;97,0;11;;;19/01/2023;-7623,3;
364;67,0;42;;;19/01/2023;-5050,2;
365;29,0;13;;;19/01/2023;2995,8;
366;100,0;43;;;19/01/2023;-8122,9;
367;59,0;51;;;19/01/2023;2768,4;
368;25,0;45;;;19/01/2023;-189,0;
369;24,0;0;;;19/01/2023;-6032,7;
370;87,0;16;;;19/01/2023;-9859,2;
371;53,0;40;;;19/01/2023;-3945,0;
372;24,0;6;;;19/01/2023;2478,8;
373;12,0;42;;;19/01/2023;-4031,8;
374;92,0;45;;;19/01/2023;-3776,0;
375;62,0;31;;;19/01/2023;8148,8;
376;75,0;40;;;20/01/2023;-8476,0;
377;80,0;8;;;20/01/2023;-7612,7;
378;70,0;42;;;20/01/2023;-5660,9;
379;91,0;42;;;20/01/2023;7829,8;
380;99,0;33;;;20/01/2023;-8389,5;
381;100,0;50;;;20/01/2023;5619,1;
382;49,0;38;;;20/01/2023;4077,3;
383;94,0;13;;;20/01/2023;-5660,5;
384;95,0;10;;;20/01/2023;8659,3;
385;17,0;39;;;20/01/2023;8692,1;
386;77,0;1;;;20/01/2023;-3920,1;
387;50,0;39;;;20/01/2023;-7689,4;
388;99,0;37;;;20/01/2023;8794,5;
389;11,0;12;;;20/01/2023;5104,6;
390;61,0;8;;;20/01/2023;4912,3;
391;92,0;8;;;20/01/2023;8231,4;
392;37,0;40;;;20/01/2023;-1609,3;
393;12,0;11;;;20/01/2023;-5049,0;
394;76,0;54;;;20/01/2023;-7172,7;
395;41,0;12;;;20/01/2023;9968,7;
396;41,0;16;;;20/01/2023;-1489,7;
397;29,0;39;;;20/01/2023;-2796,2;
398;40,0;49;;;21/01/2023;2124,9;
399;100,0;39;;;21/01/2023;1298,6;
400;47,0;36;;;21/01/2023;3302,0;
401;95,0;51;;;21/01/2023;5886,8;
402;35,0;52;;;21/01/2023;-7951,3;
403;90,0;7;;;21/01/2023;-4251,3;
404;99,0;33;;;21/01/2023;-4956,6;
405;47,0;17;;;21/01/2023;5778,1;
406;87,0;40;;;21/01/2023;2251,8;
407;5,0;20;;;21/01/2023;2627,8;
408;67,0;30;;;21/01/2023;6215,6;
409;47,0;7;;;22/01/2023;-4226,1;
410;24,0;38;;;22/01/2023;-3237,8;
411;7,0;17;;;22/01/2023;5173,1;
412;80,0;25;;;22/01/2023;-3532,2;
413;34,0;52;;;22/01/2023;2269,1;
414;81,0;36;;;22/01/2023;6742,9;
415;9,0;19;;;22/01/2023;-5780,8;
416;28,0;32;;;22/01/2023;-8107,0;
417;11,0;40;;;22/01/2023;-4819,2;
418;16,0;30;;;22/01/2023;-764,8;
419;65,0;44;;;22/01/2023;8800,0;
420;79,0;14;;;22/01/2023;4981,8;
421;75,0;37;;;22/01/2023;6486,7;
422;71,0;34;;;22/01/2023;-8714,4;
423;63,0;18;;;22/01/2023;-481,9;
424;44,0;33;;;22/01/2023;-8815,9;
425;43,0;4;;;22/01/2023;4099,0;
426;34,0;12;;;22/01/2023;9564,1;
427;60,0;47;;;22/01/2023;7169,7;
428;35,0;20;;;22/01/2023;6368,2;
429;28,0;0;;;22/01/2023;-5933,1;
430;77,0;0;;;23/01/2023;1815,3;
431;53,0;30;;;23/01/2023;3281,0;
432;58,0;41;;;23/01/2023;6570,4;
433;9,0;54;;;23/01/2023;-2909,8;
434;33,0;45;;;23/01/2023;-3465,4;
435;64,0;30;;;23/01/2023;-4744,1;
436;62,0;43;;;23/01/2023;6345,4;
437;72,0;33;;;23/01/2023;4922,1;
438;56,0;54;;;23/01/2023;-2444,3;
439;99,0;26;;;23/01/2023;2704,8;
440;46,0;26;;;23/01/2023;-2535,2;
441;51,0;39;;;23/01/2023;-8901,9;
442;59,0;3;;;23/01/2023;6201,6;
443;36,0;39;;;23/01/2023;8854,9;
444;100,0;48;;;23/01/2023;1210,8;
445;91,0;48;;;23/01/2023;-1244,9;
446;99,0;1;;;23/01/2023;-4778,1;
447;82,0;7;;;23/01/2023;2078,7;
448;96,0;0;;;23/01/2023;-7206,5;
449;58,0;50;;;23/01/2023;-3302,9;
450;8,0;40;;;23/01/2023;6588,6;
451;48,0;12;;;23/01/2023;7060,4;
452;55,0;30;;;23/01/2023;6814,8;
453;56,0;25;;;24/01/2023;3864,5;
454;6,0;45;;;24/01/2023;-2963,3;
455;59,0;49;;;24/01/2023;2057,3;
456;15,0;27;;;24/01/2023;-1853,9;
457;23,0;29;;;24/01/2023;-5514,0;
458;50,0;27;;;24/01/2023;-9854,8;
459;68,0;42;;;24/01/2023;7036,9;
460;50,0;7;;;24/01/2023;2520,8;
461;69,0;50;;;24/01/2023;-5796,1;
462;68,0;54;;;24/01/2023;4461,8;
463;49,0;40;;;24/01/2023;-4710,8;
464;81,0;41;;;24/01/2023;6398,3;
465;46,0;11;;;24/01/2023;-2106,9;
466;32,0;38;;;24/01/2023;5275,5;
467;9,0;43;;;24/01/2023;523,1;
468;62,0;24;;;24/01/2023;-9437,5;
469;46,0;9;;;24/01/2023;2326,4;
470;13,0;4;;;24/01/2023;-6375,3;
471;64,0;50;;;24/01/2023;3575,7;
472;7,0;6;;;24/01/2023;5228,1;
473;80,0;52;;;24/01/2023;-9601,7;
474;78,0;20;;;24/01/2023;-1383,4;
475;15,0;14;;;24/01/2023;-6520,1;
476;90,0;27;;;24/01/2023;-4414,1;
477;57,0;35;;;25/01/2023;-7452,4;
478;12,0;17;;;25/01/2023;2461,0;
479;14,0;48;;;25/01/2023;1943,0;
480;76,0;39;;;25/01/2023;2225,0;
481;54,0;23;;;25/01/2023;-7355,3;
482;86,0;26;;;25/01/2023;-8482,4;
483;67,0;33;;;25/01/2023;-9809,7;
484;7,0;7;;;25/01/2023;6437,6;
485;70,0;46;;;25/01/2023;1824,0;
486;81,0;28;;;25/01/2023;3468,1;
487;90,0;10;;;25/01/2023;-9523,6;
488;57,0;51;;;25/01/2023;1326,2;
489;27,0;0;;;25/01/2023;5559,8;
490;61,0;49;;;25/01/2023;-9648,0;
491;75,0;28;;;26/01/2023;-1766,7;
492;46,0;37;;;26/01/2023;-7785,6;
493;6,0;37;;;26/01/2023;-4848,9;
494;22,0;47;;;26/01/2023;0,0;
495;81,0;53;;;26/01/2023;-4405,9;
496;1,0;39;;;26/01/2023;3960,5;
497;75,0;43;;;26/01/2023;9667,7;
498;44,0;17;;;26/01/2023;8026,5;
499;16,0;51;;;26/01/2023;7113,1;
500;19,0;51;;;26/01/2023;-7225,8;
501;47,0;22;;;26/01/2023;526,0;
502;67,0;28;;;26/01/2023;766,9;
503;60,0;7;;;26/01/2023;5434,8;
504;71,0;12;;;26/01/2023;4411,3;
505;4,0;21;;;27/01/2023;5730,5;
506;81,0;18;;;27/01/2023;-9646,2;
507;18,0;24;;;27/01/2023;761,5;
508;91,0;19;;;27/01/2023;2382,2;
509;98,0;17;;;abc;8240,4;
510;53,0;26;;;27/01/2023;1973,9;
511;29,0;38;;;27/01/2023;4906,2;
512;54,0;1;;;27/01/2023;6794,7;
513;41,0;8;;;27/01/2023;2625,0;
514;67,0;49;;;27/01/2023;-8461,0;
515;1,0;41;;;27/01/2023;9732,2;
516;26,0;39;;;27/01/2023;-9959,8;
517;6,0;16;;;27/01/2023;3840,0;
518;16,0;38;;;27/01/2023;-5361,2;
519;27,0;14;;;27/01/2023;3544,1;
520;11,0;16;;;27/01/2023;-9110,2;
521;94,0;39;;;27/01/2023;-8663,6;
522;29,0;38;;;28/01/2023;-7043,5;
523;59,0;24;;;28/01/2023;-1219,6;
524;84,0;15;;;28/01/2023;-4103,6;
525;19,0;49;;;28/01/2023;-9872,8;
526;11,0;40;;;28/01/2023;-2935,0;
527;100,0;16;;;28/01/2023;-3545,2;
528;13,0;32;;;28/01/2023;-3182,0;
529;9,0;19;;;28/01/2023;22,3;
530;1,0;35;;;28/01/2023;1998,7;
531;23,0;13;;;28/01/2023;-9838,6;
532;83,0;47;;;28/01/2023;9534,3;
533;29,0;28;;;28/01/2023;3444,9;
534;90,0;9;;;28/01/2023;834,8;
535;77,0;23;;;28/01/2023;-9815,0;
536;99,0;4;;;28/01/2023;-2654,1;
537;50,0;23;;;28/01/2023;3644,3;
538;78,0;22;;;28/01/2023;-697,7;
539;62,0;13;;;28/01/2023;-3808,5;
540;20,0;34;;;28/01/2023;-8860,8;
541;25,0;42;;;28/01/2023;-8197,3;
542;50,0;10;;;28/01/2023;7752,0;
543;94,0;47;;;28/01/2023;7370,8;
544;85,0;32;;;29/01/2023;7114,6;
545;63,0;37;;;29/01/2023;-5428,3;
546;91,0;12;;;29/01/2023;-1850,2;
547;48,0;31;;;29/01/2023;-6479,8;
548;34,0;50;;;29/01/2023;8408,3;
549;56,0;35;;;29/01/2023;-1441,9;
550;76,0;27;;;29/01/2023;7591,8;
551;3,0;35;;;29/01/2023;4474,9;
552;99,0;11;;;29/01/2023;-9123,7;
553;87,0;25;;;29/01/2023;-5836,4;
554;80,0;43;;;29/01/2023;4183,9;
555;36,0;25;;;29/01/2023;-6618,4;
556;54,0;29;;;29/01/2023;9215,6;
557;72,0;8;;;29/01/2023;-5375,7;
558;7,0;26;;;29/01/2023;140,9;
559;84,0;52;;;29/01/2023;-3134,0;
560;66,0;26;;;29/01/2023;-6685,9;
561;24,0;1;;;29/01/2023;-3670,4;
562;52,0;18;;;29/01/2023;7798,6;
563;78,0;26;;;29/01/2023;-7717,4;
564;57,0;8;;;29/01/2023;9527,5;
565;26,0;20;;;30/01/2023;-5229,1;
566;46,0;23;;;30/01/2023;939,6;
567;18,0;43;;;30/01/2023;-6852,4;
568;100,0;28;;;30/01/2023;-7425,4;
569;66,0;46;;;30/01/2023;6674,8;
570;68,0;45;;;30/01/2023;1879,5;
571;43,0;22;;;30/01/2023;-2632,2;
572;62,0;41;;;30/01/2023;2590,9;
573;50,0;36;;;30/01/2023;-6523,3;
574;3,0;1;;;30/01/2023;-8169,1;
575;90,0;49;;;30/01/2023;-1402,0;
576;61,0;37;;;30/01/2023;6862,1;
577;35,0;5;;;30/01/2023;-5367,3;
578;76,0;16;;;30/01/2023;7083,3;
579;50,0;26;;;30/01/2023;9260,3;
580;28,0;37;;;30/01/2023;1290,2;
581;7,0;9;;;30/01/2023;6808,0;
582;53,0;10;;;30/01/2023;2811,4;
583;67,0;6;;;30/01/2023;6221,6;
584;60,0;18;;;31/01/2023;-3721,6;
585;78,0;42;;;31/01/2023;6820,5;
586;14,0;5;;;31/01/2023;-5231,6;
587;1,0;45;;;31/01/2023;1810,3;
588;31,0;1;;;31/01/2023;-168,5;
589;26,0;2;;;31/01/2023;8119,0;
590;80,0;45;;;31/01/2023;8144,9;
591;77,0;28;;;31/01/2023;-5450,0;
592;69,0;10;;;31/01/2023;8929,3;
593;73,0;54;;;31/01/2023;310,3;
594;56,0;44;;;31/01/2023;5803,4;
595;85,0;30;;;31/01/2023;1804,7;
596;90,0;36;;;31/01/2023;-5651,1;
597;29,0;28;;;31/01/2023;-7452,2;
598;12,0;39;;;31/01/2023;-3908,7;
599;95,0;22;;;31/01/2023;3705,5;
600;29,0;9;;;31/01/2023;6942,1;
601;31,0;19;;;01/02/2023;-3433,9;
602;15,0;54;;;01/02/2023;-6319,9;
603;37,0;1;;;01/02/2023;-6735,1;
604;48,0;22;;;01/02/2023;-1699,9;
605;59,0;9;;;01/02/2023;1099,5;
606;45,0;40;;;01/02/2023;-9793,8;
607;38,0;34;;;01/02/2023;2561,5;
608;95,0;22;;;01/02/2023;-6098,9;
609;7,0;44;;;01/02/2023;-7102,4;
610;11,0;54;;;01/02/2023;4048,0;
611;44,0;11;;;01/02/2023;7477,6;
612;18,0;29;;;01/02/2023;-7838,7;
613;33,0;31;;;01/02/2023;-8153,1;
614;68,0;52;;;01/02/2023;-3065,6;
615;80,0;39;;;01/02/2023;-6942,8;
616;36,0;6;;;01/02/2023;-3151,1;
617;100,0;25;;;01/02/2023;5467,6;
618;23,0;46;;;02/02/2023;4824,3;
619;69,0;12;;;02/02/2023;4361,2;
620;5,0;17;;;02/02/2023;-5007,5;
621;7,0;45;;;02/02/2023;7474,9;
622;34,0;10;;;02/02/2023;5554,6;
623;16,0;35;;;02/02/2023;-7630,2;
624;55,0;25;;;02/02/2023;2696,2;
625;70,0;21;;;02/02/2023;-960,1;
626;57,0;13;;;02/02/2023;9713,0;
627;76,0;41;;;02/02/2023;5179,9;
628;71,0;21;;;02/02/2023;9901,0;
629;79,0;7;;;02/02/2023;-9509,0;
630;48,0;45;;;03/02/2023;8605,2;
631;43,0;3;;;03/02/2023;5822,8;
632;57,0;23;;;03/02/2023;7948,4;
633;45,0;34;;;03/02/2023;4360,1;
634;43,0;35;;;03/02/2023;4431,7;
635;29,0;18;;;03/02/2023;9345,0;
636;1,0;49;;;03/02/2023;7526,1;
637;28,0;16;;;03/02/2023;-5116,0;
638;75,0;10;;;03/02/2023;8546,3;
639;13,0;30;;;03/02/2023;1508,6;
640;83,0;12;;;03/02/2023;9761,3;
641;80,0;8;;;03/02/2023;-9310,5;
642;60,0;9;;;03/02/2023;-7574,3;
643;34,0;3;;;03/02/2023;-2230,2;
644;44,0;19;;;03/02/2023;-8915,4;
645;43,0;13;;;04/02/2023;4147,9;
646;96,0;43;;;04/02/2023;-629,5;
647;6,0;9;;;04/02/2023;-1372,2;
648;11,0;33;;;04/02/2023;-580,1;
649;56,0;44;;;04/02/2023;6014,3;
650;57,0;34;;;04/02/2023;-7610,5;
651;30,0;26;;;04/02/2023;-4986,7;
652;96,0;1;;;04/02/2023;-3677,1;
653;24,0;18;;;04/02/2023;-4564,5;
654;13,0;9;;;04/02/2023;4688,0;
655;44,0;36;;;04/02/2023;-2802,1;
656;10,0;24;;;04/02/2023;382,5;
657;86,0;43;;;04/02/2023;6311,9;
658;3,0;54;;;04/02/2023;-9460,2;
659;91,0;28;;;04/02/2023;-9119,7;
660;7,0;10;;;04/02/2023;-8123,4;
661;76,0;46;;;04/02/2023;-6764,1;
662;2,0;49;;;05/02/2023;4958,2;
663;53,0;42;;;05/02/2023;8808,0;
664;69,0;38;;;05/02/2023;8996,9;
665;80,0;10;;;05/02/2023;-6418,1;
666;90,0;13;;;05/02/2023;-1289,2;
667;21,0;41;;;05/02/2023;9493,4;
668;38,0;35;;;05/02/2023;-6732,7;
669;85,0;51;;;05/02/2023;-4715,3;
670;71,0;43;;;05/02/2023;1305,7;
671;35,0;13;;;05/02/2023;8544,7;
672;55,0;27;;;05/02/2023;3954,6;
673;100,0;5;;;05/02/2023;-2234,2;
674;73,0;28;;;05/02/2023;-2863,1;
675;91,0;4;;;05/02/2023;7421,2;
676;59,0;8;;;05/02/2023;-6801,7;
677;7,0;36;;;05/02/2023;2316,2;
678;4,0;12;;;05/02/2023;2694,8;
679;72,0;49;;;05/02/2023;3478,3;
680;75,0;3;;;05/02/2023;4662,0;
681;24,0;54;;;06/02/2023;2711,4;
682;27,0;15;;;06/02/2023;-1489,3;
683;19,0;41;;;06/02/2023;5885,3;
684;53,0;40;;;06/02/2023;7633,1;
685;78,0;29;;;06/02/2023;6948,0;
686;76,0;19;;;06/02/2023;9002,3;
687;66,0;1;;;06/02/2023;-6330,1;
688;97,0;4;;;06/02/2023;-1695,8;
689;70,0;19;;;06/02/2023;-8405,6;
690;83,0;10;;;06/02/2023;950,6;
691;8,0;25;;;06/02/2023;-3533,0;
692;41,0;29;;;06/02/2023;-7276,6;
693;77,0;48;;;06/02/2023;-7917,2;
694;13,0;28;;;06/02/2023;-914,2;
695;75,0;51;;;06/02/2023;7908,8;
696;58,0;30;;;06/02/2023;-7754,1;
697;36,0;36;;;06/02/2023;-3753,1;
698;89,0;54;;;06/02/2023;-1238,6;
699;87,0;20;;;06/02/2023;-6318,9;
700;3,0;40;;;06/02/2023;-5073,3;
701;22,0;52;;;07/02/2023;-1742,9;
702;84,0;27;;;07/02/2023;-7086,6;
703;13,0;46;;;07/02/2023;-4958,0;
704;100,0;32;;;07/02/2023;7404,8;
705;8,0;46;;;07/02/2023;-1369,5;
706;33,0;49;;;07/02/2023;-8405,5;
707;32,0;44;;;07/02/2023;-4717,7;
708;71,0;2;;;07/02/2023;-3955,6;
709;21,0;54;;;07/02/2023;-2177,7;
710;48,0;28;;;07/02/2023;7260,9;
711;8,0;10;;;07/02/2023;-3787,8;
712;41,0;17;;;07/02/2023;1993,0;
713;35,0;18;;;07/02/2023;5087,5;
714;86,0;41;;;07/02/2023;313,8;
715;12,0;1;;;07/02/2023;-7801,6;
716;49,0;23;;;08/02/2023;626,6;
717;83,0;38;;;08/02/2023;3764,7;
718;61,0;17;;;08/02/2023;2737,3;
719;62,0;47;;;08/02/2023;3237,1;
720;35,0;42;;;08/02/2023;7245,1;
721;84,0;45;;;08/02/2023;-9375,5;
722;49,0;3;;;08/02/2023;4329,4;
723;85,0;46;;;08/02/2023;8680,9;
724;77,0;13;;;08/02/2023;-322,3;
725;14,0;37;;;08/02/2023;-8968,6;
726;75,0;11;;;08/02/2023;-3891,5;
727;19,0;48;;;08/02/2023;3662,6;
728;78,0;7;;;08/02/2023;7830,8;
729;56,0;30;;;08/02/2023;5014,3;
730;100,0;37;;;08/02/2023;6921,4;
731;24,0;51;;;08/02/2023;-4533,5;
732;55,0;19;;;08/02/2023;8859,1;
733;41,0;48;;;08/02/2023;5787,3;
734;91,0;7;;;08/02/2023;1596,6;
735;83,0;3;;;08/02/2023;5671,9;
736;67,0;28;;;08/02/2023;8177,9;
737;54,0;5;;;08/02/2023;-4397,7;
738;62,0;8;;;09/02/2023;4200,9;
739;28,0;38;;;09/02/2023;6960,6;
740;14,0;36;;;09/02/2023;9588,2;
741;26,0;49;;;09/02/2023;-1195,4;
742;61,0;3;;;09/02/2023;3153,9;
743;59,0;13;;;09/02/2023;8167,4;
744;5,0;37;;;09/02/2023;7286,6;
745;10,0;33;;;09/02/2023;-2574,8;
746;39,0;48;;;09/02/2023;-1741,7;
747;14,0;16;;;09/02/2023;6293,5;
748;88,0;22;;;09/02/2023;-4645,9;
749;41,0;43;;;09/02/2023;3929,8;
750;32,0;10;;;09/02/2023;923,1;
751;49,0;47;;;09/02/2023;4178,1;
752;59,0;34;;;09/02/2023;3429,4;
753;12,0;10;;;09/02/2023;8967,2;
754;60,0;8;;;09/02/2023;4736,5;
755;54,0;16;;;10/02/2023;7019,0;
756;53,0;30;;;10/02/2023;7415,7;
757;46,0;17;;;10/02/2023;1334,5;
758;6,0;43;;;10/02/2023;-1784,5;
759;29,0;11;;;10/02/2023;-6768,1;
760;1,0;45;;;10/02/2023;-4645,4;
761;58,0;15;;;10/02/2023;1200,8;
762;52,0;23;;;10/02/2023;-1911,5;
763;41,0;52;;;10/02/2023;7972,0;
764;100,0;27;;;10/02/2023;8251,1;
765;7,0;51;;;10/02/2023;-70,6;
766;99,0;2;;;10/02/2023;1493,8;
767;47,0;14;;;10/02/2023;5361,6;
768;82,0;33;;;10/02/2023;3614,7;
769;99,0;5;;;10/02/2023;-4975,5;
770;46,0;12;;;10/02/2023;4128,6;
771;16,0;3;;;10/02/2023;9363,3;
772;24,0;27;;;10/02/2023;3058,2;
773;94,0;28;;;10/02/2023;-3192,9;
774;20,0;18;;;10/02/2023;8506,7;
775;50,0;36;;;10/02/2023;-335,9;
776;48,0;5;;;11/02/2023;9551,1;
777;37,0;15;;;11/02/2023;3504,2;
778;95,0;32;;;11/02/2023;8358,4;
779;86,0;35;;;11/02/2023;7111,7;
780;31,0;32;;;11/02/2023;9223,1;
781;59,0;46;;;11/02/2023;-796,4;
782;18,0;5;;;11/02/2023;667,7;
783;62,0;41;;;11/02/2023;-9903,6;
784;81,0;28;;;11/02/2023;-6432,3;
785;1,0;35;;;11/02/2023;-8310,7;
786;40,0;39;;;11/02/2023;-1044,0;
787;15,0;44;;;11/02/2023;827,9;
788;18,0;8;;;11/02/2023;9056,5;
789;98,0;51;;;11/02/2023;4855,5;
790;88,0;31;;;11/02/2023;4837,6;
791;66,0;16;;;11/02/2023;-2183,3;
792;72,0;12;;;11/02/2023;8002,1;
793;23,0;50;;;11/02/2023;4399,7;
794;89,0;49;;;12/02/2023;-2141,8;
795;49,0;27;;;12/02/2023;9876,7;
796;49,0;41;;;12/02/2023;8311,5;
797;44,0;34;;;12/02/2023;-7432,8;
798;55,0;24;;;12/02/2023;4586,0;
799;24,0;30;;;12/02/2023;9274,2;
800;73,0;0;;;12/02/2023;8199,1;
801;15,0;19;;;12/02/2023;8515,4;
802;20,0;52;;;12/02/2023;-7318,2;
803;30,0;2;;;12/02/2023;8184,7;
804;95,0;16;;;12/02/2023;-139,7;
805;93,0;38;;;12/02/2023;-6869,1;
806;38,0;32;;;12/02/2023;-4633,5;
807;33,0;25;;;12/02/2023;34,9;
808;94,0;48;;;12/02/2023;-476,2;
809;40,0;17;;;12/02/2023;-4687,4;
810;50,0;20;;;12/02/2023;3137,7;
811;13,0;26;;;12/02/2023;-6776,7;
812;78,0;33;;;12/02/2023;7836,4;
813;57,0;29;;;13/02/2023;-7148,3;
814;94,0;17;;;13/02/2023;8325,7;
815;25,0;10;;;13/02/2023;9587,2;
816;90,0;8;;;13/02/2023;-7680,3;
817;64,0;38;;;13/02/2023;-7137,3;
818;41,0;2;;;13/02/2023;-535,1;
819;10,0;3;;;13/02/2023;-9034,6;
820;87,0;30;;;13/02/2023;-9720,6;
821;91,0;43;;;13/02/2023;7694,7;
822;51,0;46;;;13/02/2023;-9156,9;
823;53,0;38;;;13/02/2023;-1975,3;
824;27,0;53;;;13/02/2023;5722,4;
825;64,0;46;;;13/02/2023;-95,7;
826;100,0;34;;;13/02/2023;5237,9;
827;60,0;28;;;13/02/2023;2186,8;
828;96,0;39;;;13/02/2023;3144,3;
829;14,0;31;;;13/02/2023;9487,4;
830;42,0;19;;;13/02/2023;-6670,5;
831;38,0;50;;;13/02/2023;6584,2;
832;23,0;34;;;13/02/2023;5663,4;
833;53,0;32;;;13/02/2023;-8324,8;
834;74,0;42;;;13/02/2023;5248,6;
835;96,0;30;;;13/02/2023;-100,1;
836;5,0;3;;;13/02/2023;-4819,8;
837;13,0;37;;;13/02/2023;1049,8;
838;66,0;51;;;13/02/2023;-9435,7;
839;88,0;43;;;14/02/2023;-9351,5;
840;34,0;21;;;14/02/2023;-1990,8;
841;62,0;40;;;14/02/2023;449,5;
842;98,0;52;;;14/02/2023;3920,3;
843;34,0;14;;;14/02/2023;-2992,0;
844;47,0;1;;;14/02/2023;-2321,1;
845;42,0;49;;;14/02/2023;-998,4;
846;84,0;37;;;14/02/2023;-4487,9;
847;79,0;43;;;14/02/2023;-2842,7;
848;82,0;21;;;14/02/2023;-962,6;
849;46,0;18;;;14/02/2023;7349,5;
850;44,0;50;;;15/02/2023;-9970,4;
851;31,0;31;;;15/02/2023;3915,5;
852;96,0;47;;;15/02/2023;-1550,7;
853;86,0;38;;;15/02/2023;-5997,8;
854;59,0;30;;;15/02/2023;-4447,7;
855;68,0;42;;;15/02/2023;3283,1;
856;34,0;29;;;15/02/2023;-7282,1;
857;56,0;10;;;15/02/2023;5524,9;
858;80,0;34;;;15/02/2023;-4978,4;
859;45,0;28;;;15/02/2023;-738,7;
860;26,0;8;;;15/02/2023;-5069,0;
861;89,0;36;;;15/02/2023;-3199,0;
862;63,0;35;;;15/02/2023;4725,1;
863;15,0;7;;;15/02/2023;-594,8;
864;35,0;15;;;15/02/2023;-6409,3;
865;82,0;40;;;15/02/2023;-2484,2;
866;58,0;19;;;15/02/2023;-1051,5;
867;50,0;37;;;15/02/2023;-3411,3;
868;87,0;10;;;16/02/2023;-2985,6;
869;65,0;1;;;16/02/2023;-5783,3;
870;97,0;5;;;16/02/2023;-7123,4;
871;5,0;2;;;16/02/2023;-7414,9;
872;23,0;33;;;16/02/2023;-3664,4;
873;57,0;30;;;16/02/2023;8991,1;
874;40,0;53;;;16/02/2023;8,8;
875;49,0;32;;;16/02/2023;-7918,8;
876;83,0;36;;;16/02/2023;-7316,5;
877;96,0;41;;;16/02/2023;1891,0;
878;10,0;52;;;16/02/2023;6789,3;
879;97,0;12;;;16/02/2023;4844,7;
880;8,0;36;;;16/02/2023;-9378,8;
881;20,0;23;;;16/02/2023;119,1;
882;23,0;21;;;16/02/2023;-3475,3;
883;94,0;39;;;16/02/2023;-620,6;
884;63,0;53;;;16/02/2023;7170,0;
885;51,0;51;;;16/02/2023;-8111,7;
886;4,0;16;;;16/02/2023;-2593,3;
887;52,0;6;;;16/02/2023;-1511,0;
888;56,0;31;;;16/02/2023;-7757,2;
889;8,0;25;;;16/02/2023;3650,0;
890;71,0;36;;;16/02/2023;-9589,0;
891;97,0;6;;;16/02/2023;5071,1;
892;43,0;30;;;16/02/2023;8464,7;
893;7,0;33;;;16/02/2023;8647,2;
894;2,0;34;;;16/02/2023;-3197,4;
895;47,0;47;;;16/02/2023;-1639,7;
896;13,0;19;;;16/02/2023;-1371,4;
897;69,0;40;;;16/02/2023;6142,1;
898;5,0;10;;;16/02/2023;4449,6;
899;63,0;54;;;16/02/2023;2164,7;
900;83,0;17;;;16/02/2023;1624,5;
901;7,0;8;;;16/02/2023;-4022,1;
902;10,0;5;;;16/02/2023;7555,9;
903;3,0;37;;;16/02/2023;-1070,0;
904;94,0;13;;;17/02/2023;5640,6;
905;29,0;4;;;17/02/2023;-3826,0;
906;55,0;5;;;17/02/2023;-5219,0;
907;47,0;20;;;17/02/2023;6514,5;
908;62,0;30;;;17/02/2023;8580,4;
909;2,0;36;;;17/02/2023;-8251,7;
910;86,0;20;;;17/02/2023;-5377,9;
911;54,0;12;;;17/02/2023;7590,5;
912;80,0;1;;;17/02/2023;-3534,2;
913;73,0;30;;;17/02/2023;-4172,7;
914;30,0;44;;;17/02/2023;-7828,1;
915;71,0;15;;;17/02/2023;168,4;
916;69,0;18;;;17/02/2023;5433,5;
917;93,0;1;;;17/02/2023;-5517,7;
918;51,0;31;;;17/02/2023;8038,4;
919;27,0;24;;;17/02/2023;-7809,2;
920;37,0;52;;;17/02/2023;-9295,9;
921;95,0;10;;;17/02/2023;7995,6;
922;32,0;41;;;17/02/2023;-4471,8;
923;74,0;6;;;17/02/2023;2868,2;
924;9,0;19;;;17/02/2023;4658,5;
925;52,0;37;;;17/02/2023;-1237,4;
926;76,0;14;;;18/02/2023;-459,6;
927;80,0;17;;;18/02/2023;-1483,2;
928;42,0;5;;;18/02/2023;5007,3;
929;33,0;42;;;18/02/2023;-2509,9;
930;42,0;19;;;18/02/2023;1375,4;
931;28,0;41;;;18/02/2023;-4755,7;
932;64,0;43;;;18/02/2023;-3583,2;
933;54,0;26;;;18/02/2023;2451,9;
934;12,0;12;;;18/02/2023;8921,5;
935;4,0;17;;;18/02/2023;-4935,4;
936;95,0;27;;;18/02/2023;9760,3;
937;9,0;41;;;18/02/2023;9701,6;
938;51,0;17;;;18/02/2023;2259,1;
939;46,0;23;;;18/02/2023;5394,8;
940;88,0;46;;;18/02/2023;5347,4;
941;46,0;28;;;18/02/2023;7821,7;
942;20,0;49;;;18/02/2023;-9897,9;
943;98,0;31;;;18/02/2023;8746,6;
944;29,0;47;;;18/02/2023;9277,4;
945;1,0;26;;;18/02/2023;-2002,6;
946;65,0;50;;;18/02/2023;-8463,6;
947;26,0;2;;;18/02/2023;6556,2;
948;41,0;15;;;18/02/2023;4296,2;
949;65,0;5;;;18/02/2023;-7020,1;
950;73,0;22;;;18/02/2023;-8924,7;
951;82,0;7;;;19/02/2023;2559,7;
952;89,0;28;;;19/02/2023;-411,6;
953;28,0;21;;;19/02/2023;-8824,3;
954;43,0;41;;;19/02/2023;-4135,0;
955;15,0;35;;;19/02/2023;4702,2;
956;33,0;53;;;19/02/2023;-4026,5;
957;96,0;2;;;19/02/2023;354,4;
958;67,0;0;;;19/02/2023;-1432,6;
959;68,0;23;;;19/02/2023;-933,0;
960;25,0;20;;;19/02/2023;4285,5;
961;99,0;25;;;19/02/2023;-2442,9;
962;39,0;52;;;19/02/2023;-6823,0;
963;50,0;34;;;19/02/2023;5685,0;
964;69,0;31;;;19/02/2023;5495,9;
965;62,0;54;;;19/02/2023;-3461,4;
966;53,0;48;;;19/02/2023;-1300,8;
967;1,0;37;;;19/02/2023;-6338,5;
968;77,0;9;;;19/02/2023;4839,3;
969;87,0;54;;;20/02/2023;-2636,7;
970;18,0;23;;;20/02/2023;681,7;
971;9,0;16;;;20/02/2023;1567,7;
972;1,0;28;;;20/02/2023;140,7;
973;56,0;20;;;20/02/2023;-912,9;
974;16,0;43;;;20/02/2023;-708,9;
975;13,0;9;;;20/02/2023;3951,2;
976;58,0;33;;;20/02/2023;1916,0;
977;47,0;40;;;20/02/2023;6073,0;
978;98,0;43;;;20/02/2023;6777,9;
979;62,0;22;;;20/02/2023;-4701,4;
980;42,0;53;;;20/02/2023;-3592,6;
981;97,0;9;;;20/02/2023;-2533,6;
982;39,0;41;;;20/02/2023;8868,6;
983;61,0;51;;;20/02/2023;-9870,7;
984;96,0;19;;;20/02/2023;7282,3;
985;47,0;53;;;21/02/2023;4076,9;
986;8,0;2;;;21/02/2023;-379,5;
987;52,0;25;;;21/02/2023;9765,6;
988;49,0;8;;;21/02/2023;4762,5;
989;53,0;51;;;21/02/2023;-8471,9;
990;41,0;48;;;21/02/2023;-9577,7;
991;13,0;31;;;21/02/2023;-1552,1;
992;55,0;28;;;21/02/2023;8766,0;
993;76,0;42;;;21/02/2023;8933,0;
994;2,0;16;;;21/02/2023;-5453,5;
995;1,0;13;;;21/02/2023;-3959,5;
996;55,0;2;;;21/02/2023;8839,2;
997;18,0;41;;;21/02/2023;1984,2;
998;14,0;35;;;21/02/2023;-2460,7;
999;72,0;1;;;21/02/2023;-9975,9;
1000;97,0;7;;;21/02/2023;-2910,6;
1001;25,0;6;;;21/02/2023;5293,2;
1002;98,0;46;;;21/02/2023;1910,0;
1003;4,0;23;;;21/02/2023;7877,3;
1004;67,0;30;;;21/02/2023;6308,6;
1005;15,0;53;;;22/02/2023;9117,0;
1006;98,0;2;;;22/02/2023;5112,6;
1007;43,0;40;;;22/02/2023;-1320,1;
1008;73,0;44;;;22/02/2023;6421,1;
1009;11,0;3;;;22/02/2023;-6120,0;
1010;45,0;37;;;22/02/2023;9458,1;
1011;21,0;2;;;22/02/2023;-9099,6;
1012;93,0;0;;;22/02/2023;-8545,8;
1013;50,0;43;;;22/02/2023;2999,9;
1014;58,0;10;;;22/02/2023;5049,3;
1015;50,0;27;;;22/02/2023;1824,6;
1016;93,0;2;;;22/02/2023;1336,2;
1017;55,0;33;;;22/02/2023;5916,2;
1018;58,0;4;;;22/02/2023;-4010,3;
1019;92,0;16;;;22/02/2023;8423,6;
1020;44,0;37;;;22/02/2023;8886,9;
1021;86,0;31;;;22/02/2023;9081,0;
1022;37,0;50;;;23/02/2023;3599,8;
1023;19,0;34;;;23/02/2023;9441,9;
1024;86,0;47;;;23/02/2023;-2073,8;
1025;11,0;11;;;23/02/2023;4746,7;
1026;59,0;26;;;23/02/2023;3994,0;
1027;69,0;40;;;23/02/2023;9192,8;
1028;45,0;7;;;23/02/2023;-155,8;
1029;41,0;37;;;23/02/2023;-992,6;
1030;100,0;9;;;23/02/2023;-9042,2;
1031;30,0;37;;;23/02/2023;-7211,9;
1032;16,0;10;;;23/02/2023;-5974,9;
1033;95,0;32;;;24/02/2023;-3870,1;
1034;77,0;26;;;24/02/2023;-8999,2;
1035;3,0;36;;;24/02/2023;9701,9;
1036;20,0;34;;;24/02/2023;-8040,2;
1037;72,0;16;;;24/02/2023;-1371,3;
1038;96,0;50;;;24/02/2023;-3491,3;
1039;66,0;34;;;24/02/2023;-8353,7;
1040;49,0;49;;;24/02/2023;669,9;
1041;88,0;22;;;24/02/2023;-7170,1;
1042;62,0;32;;;24/02/2023;-1681,2;
1043;29,0;35;;;24/02/2023;-2449,0;
1044;16,0;52;;;24/02/2023;-5520,6;
1045;4,0;45;;;24/02/2023;-8011,6;
1046;29,0;45;;;25/02/2023;1228,2;
1047;33,0;26;;;25/02/2023;-878,5;
1048;99,0;8;;;25/02/2023;-5826,2;
1049;37,0;44;;;25/02/2023;8657,3;
1050;7,0;46;;;25/02/2023;-2502,6;
1051;69,0;37;;;25/02/2023;1699,6;
1052;9,0;31;;;25/02/2023;-1113,1;
1053;31,0;27;;;25/02/2023;-7393,7;
1054;74,0;4;;;25/02/2023;-9853,8;
1055;22,0;39;;;25/02/2023;-8611,6;
1056;59,0;4;;;25/02/2023;8735,1;
1057;93,0;10;;;25/02/2023;2006,4;
1058;62,0;4;;;25/02/2023;-7924,8;
1059;11,0;24;;;25/02/2023;9370,6;
1060;97,0;16;;;25/02/2023;3097,4;
1061;39,0;30;;;25/02/2023;-9065,5;
1062;33,0;13;;;25/02/2023;3280,9;
1063;24,0;43;;;25/02/2023;-2654,6;
1064;38,0;36;;;25/02/2023;3173,5;
1065;46,0;15;;;25/02/2023;-3486,4;
1066;86,0;48;;;25/02/2023;7976,3;
1067;73,0;45;;;25/02/2023;-1128,6;
1068;98,0;9;;;25/02/2023;-8269,8;
1069;52,0;44;;;25/02/2023;-8492,9;
1070;77,0;41;;;25/02/2023;-4618,3;
1071;52,0;43;;;26/02/2023;-2659,8;
1072;22,0;18;;;26/02/2023;-6778,8;
1073;1,0;24;;;26/02/2023;4068,7;
1074;6,0;12;;;26/02/2023;-4750,5;
1075;95,0;7;;;26/02/2023;5808,7;
1076;8,0;17;;;26/02/2023;2865,2;
1077;33,0;33;;;26/02/2023;-9059,8;
1078;32,0;1;;;26/02/2023;245,2;
1079;64,0;31;;;26/02/2023;5076,3;
1080;60,0;34;;;26/02/2023;-1199,8;
1081;53,0;5;;;26/02/2023;4675,5;
1082;36,0;3;;;26/02/2023;-484,4;
1083;24,0;13;;;26/02/2023;1321,9;
1084;26,0;18;;;26/02/2023;-2068,5;
1085;61,0;3;;;26/02/2023;-9741,7;
1086;3,0;53;;;26/02/2023;-4841,7;
1087;81,0;47;;;26/02/2023;-5216,3;
1088;10,0;39;;;26/02/2023;8544,6;
1089;100,0;5;;;26/02/2023;-8200,8;
1090;40,0;42;;;26/02/2023;-8831,2;
1091;98,0;24;;;26/02/2023;-3199,5;
1092;66,0;41;;;26/02/2023;-3781,1;
1093;55,0;37;;;26/02/2023;7109,1;
1094;20,0;11;;;26/02/2023;96,1;
1095;23,0;15;;;26/02/2023;9393,2;
1096;79,0;48;;;26/02/2023;9836,7;
1097;17,0;44;;;26/02/2023;-3873,3;
1098;52,0;39;;;26/02/2023;-6695,3;
1099;90,0;37;;;27/02/2023;4469,7;
1100;18,0;37;;;27/02/2023;-1601,0;
1101;15,0;15;;;27/02/2023;-630,4;
1102;35,0;38;;;27/02/2023;7577,9;
1103;22,0;13;;;27/02/2023;170,3;
1104;52,0;4;;;27/02/2023;-50,3;
1105;100,0;13;;;27/02/2023;4768,5;
1106;54,0;16;;;27/02/2023;437,0;
1107;88,0;3;;;27/02/2023;4005,0;
1108;25,0;24;;;27/02/2023;-6991,3;
1109;45,0;9;;;27/02/2023;8823,8;
1110;56,0;7;;;27/02/2023;635,6;
1111;68,0;15;;;27/02/2023;-7009,4;
1112;93,0;4;;;27/02/2023;9839,9;
1113;12,0;28;;;27/02/2023;8635,8;
1114;55,0;31;;;27/02/2023;-2864,7;
1115;1,0;53;;;27/02/2023;944,9;
1116;78,0;17;;;27/02/2023;-6889,5;
1117;67,0;40;;;27/02/2023;6579,1;
1118;20,0;46;;;27/02/2023;-478,6;
1119;20,0;51;;;28/02/2023;-6380,2;
1120;52,0;37;;;28/02/2023;2845,6;
1121;22,0;52;;;28/02/2023;9971,5;
1122;1,0;11;;;28/02/2023;-5454,1;
1123;50,0;43;;;28/02/2023;-1348,0;
1124;30,0;38;;;28/02/2023;6020,7;
1125;20,0;36;;;28/02/2023;-4085,8;
1126;92,0;45;;;28/02/2023;5325,6;
1127;34,0;10;;;28/02/2023;-6207,6;
1128;1,0;3;;;28/02/2023;-3341,7;
1129;61,0;31;;;28/02/2023;-7512,4;
1130;23,0;42;;;28/02/2023;4871,6;
1131;71,0;10;;;28/02/2023;2781,0;
1132;62,0;40;;;28/02/2023;-7293,9;
1133;73,0;40;;;28/02/2023;673,1;
1134;50,0;46;;;28/02/2023;-8027,2;
1135;76,0;40;;;28/02/2023;-26,7;
1136;39,0;21;;;28/02/2023;8137,4;
1137;44,0;38;;;28/02/2023;-2775,9;
1138;73,0;35;;;28/02/2023;9092,6;
1139;75,0;32;;;28/02/2023;9027,0;
1140;22,0;50;;;28/02/2023;3439,1;
1141;94,0;20;;;28/02/2023;4454,7;
1142;90,0;51;;;28/02/2023;7097,8;
1143;3,0;32;;;28/02/2023;-1097,5;
1144;46,0;48;;;01/03/2023;-4721,1;
1145;89,0;18;;;01/03/2023;-9636,3;
1146;72,0;0;;;01/03/2023;7037,9;
1147;54,0;13;;;01/03/2023;-2386,8;
1148;48,0;45;;;01/03/2023;-879,6;
1149;73,0;52;;;01/03/2023;9658,8;
1150;84,0;44;;;01/03/2023;8376,0;
1151;14,0;10;;;01/03/2023;-9580,1;
1152;37,0;49;;;01/03/2023;-3171,2;
1153;66,0;43;;;01/03/2023;-4131,3;
1154;92,0;16;;;01/03/2023;4173,8;
1155;88,0;10;;;01/03/2023;-6388,7;
1156;60,0;32;;;01/03/2023;2884,0;
1157;88,0;17;;;01/03/2023;-7019,7;
1158;9,0;31;;;01/03/2023;-8145,1;
1159;82,0;54;;;01/03/2023;6083,8;
1160;44,0;34;;;01/03/2023;7838,4;
1161;82,0;40;;;02/03/2023;1959,6;
1162;87,0;28;;;02/03/2023;3431,1;
1163;86,0;51;;;02/03/2023;1962,9;
1164;81,0;1;;;02/03/2023;5634,6;
1165;12,0;34;;;02/03/2023;-4245,1;
1166;7,0;7;;;02/03/2023;-2259,5;
1167;64,0;47;;;02/03/2023;5668,2;
1168;95,0;26;;;02/03/2023;5916,6;
1169;78,0;30;;;02/03/2023;787,7;
1170;39,0;35;;;02/03/2023;6206,7;
1171;79,0;23;;;02/03/2023;3774,1;
1172;10,0;39;;;02/03/2023;8283,8;
1173;54,0;17;;;02/03/2023;-3013,8;
1174;91,0;20;;;02/03/2023;6147,7;
1175;64,0;34;;;03/03/2023;5840,4;
1176;44,0;10;;;03/03/2023;3997,3;
1177;11,0;48;;;03/03/2023;-3832,2;
1178;84,0;6;;;03/03/2023;2980,6;
1179;53,0;14;;;03/03/2023;5911,9;
1180;27,0;3;;;03/03/2023;-8990,9;
1181;60,0;46;;;03/03/2023;-1999,9;
1182;91,0;46;;;03/03/2023;-755,3;
1183;2,0;52;;;03/03/2023;-2554,5;
1184;24,0;52;;;03/03/2023;5791,1;
1185;48,0;9;;;03/03/2023;-3789,4;
1186;6,0;17;;;03/03/2023;4546,6;
1187;49,0;36;;;03/03/2023;2117,3;
1188;63,0;32;;;03/03/2023;8087,0;
1189;49,0;54;;;03/03/2023;-7892,5;
1190;25,0;11;;;03/03/2023;-7201,6;
1191;86,0;30;;;03/03/2023;2307,1;
1192;92,0;5;;;03/03/2023;3421,7;
1193;42,0;54;;;04/03/2023;-7176,2;
1194;23,0;52;;;04/03/2023;-9519,3;
1195;70,0;31;;;04/03/2023;-3395,2;
1196;75,0;1;;;04/03/2023;-3498,1;
1197;99,0;52;;;04/03/2023;231,4;
1198;24,0;28;;;04/03/2023;-1932,8;
1199;24,0;37;;;04/03/2023;4166,7;
1200;3,0;2;;;04/03/2023;1214,0;
1201;93,0;32;;;04/03/2023;9557,6;
1202;95,0;9;;;04/03/2023;8618,8;
1203;32,0;36;;;04/03/2023;3782,7;
1204;30,0;7;;;04/03/2023;2351,0;
1205;95,0;15;;;04/03/2023;-8512,4;
1206;14,0;41;;;04/03/2023;9569,9;
1207;94,0;3;;;04/03/2023;2319,1;
1208;3,0;36;;;04/03/2023;9916,5;
1209;29,0;0;;;04/03/2023;1920,9;
1210;43,0;37;;;04/03/2023;3221,1;
1211;45,0;44;;;05/03/2023;7739,3;
1212;50,0;47;;;05/03/2023;-1557,6;
1213;99,0;35;;;05/03/2023;-7485,8;
1214;42,0;29;;;05/03/2023;7779,0;
1215;85,0;29;;;05/03/2023;-5837,8;
1216;69,0;18;;;05/03/2023;-3009,4;
1217;97,0;47;;;05/03/2023;3077,3;
1218;67,0;13;;;05/03/2023;2403,3;
1219;1,0;26;;;05/03/2023;6586,5;
1220;17,0;35;;;05/03/2023;-5299,0;
1221;40,0;17;;;05/03/2023;3741,3;
1222;83,0;16;;;05/03/2023;-8063,0;
1223;5,0;11;;;05/03/2023;-9308,0;
1224;12,0;22;;;05/03/2023;-6599,1;
1225;54,0;25;;;05/03/2023;3771,1;
1226;36,0;32;;;05/03/2023;-1568,5;
1227;5,0;29;;;05/03/2023;5365,9;
1228;40,0;25;;;05/03/2023;7675,2;
1229;23,0;29;;;05/03/2023;1957,8;
1230;61,0;24;;;05/03/2023;-5666,0;
1231;60,0;40;;;06/03/2023;-13,7;
1232;43,0;45;;;06/03/2023;3698,2;
1233;91,0;52;;;06/03/2023;-157,5;
1234;49,0;23;;;06/03/2023;-8288,3;
1235;23,0;52;;;06/03/2023;9576,5;
1236;60,0;12;;;06/03/2023;-405,1;
1237;36,0;3;;;06/03/2023;4726,3;
1238;92,0;23;;;06/03/2023;4120,8;
1239;46,0;39;;;06/03/2023;-5557,5;
1240;72,0;48;;;06/03/2023;-3939,9;
1241;80,0;24;;;06/03/2023;5829,2;
1242;82,0;17;;;06/03/2023;-5340,9;
1243;41,0;39;;;06/03/2023;-2517,1;
1244;47,0;24;;;06/03/2023;2800,8;
1245;66,0;53;;;06/03/2023;1139,5;
1246;6,0;37;;;06/03/2023;-7471,6;
1247;97,0;37;;;06/03/2023;-2300,4;
1248;97,0;34;;;06/03/2023;9874,7;
1249;55,0;16;;;06/03/2023;-2308,3;
1250;12,0;52;;;06/03/2023;-1960,7;
1251;19,0;38;;;06/03/2023;4507,3;
1252;35,0;29;;;06/03/2023;699,4;
1253;89,0;41;;;06/03/2023;6817,5;
1254;2,0;23;;;06/03/2023;-1607,3;
1255;42,0;25;;;06/03/2023;3286,7;
1256;55,0;22;;;07/03/2023;5077,4;
1257;37,0;21;;;07/03/2023;-6474,3;
1258;55,0;1;;;07/03/2023;9358,8;
1259;28,0;13;;;07/03/2023;3768,0;
1260;35,0;3;;;07/03/2023;-523,9;
1261;50,0;30;;;07/03/2023;-4221,4;
1262;92,0;6;;;07/03/2023;756,0;
1263;77,0;0;;;07/03/2023;5964,0;
1264;35,0;33;;;07/03/2023;-7296,4;
1265;87,0;51;;;07/03/2023;3367,1;
1266;93,0;45;;;07/03/2023;563,4;
1267;34,0;8;;;07/03/2023;2208,8;
1268;77,0;3;;;07/03/2023;-8057,5;
1269;58,0;51;;;07/03/2023;9805,4;
1270;45,0;42;;;07/03/2023;-4489,3;
1271;53,0;42;;;07/03/2023;-8568,3;
1272;71,0;2;;;07/03/2023;-285,8;
1273;77,0;28;;;07/03/2023;-4349,5;
1274;70,0;27;;;07/03/2023;2273,2;
1275;73,0;23;;;07/03/2023;-7542,6;
1276;20,0;4;;;07/03/2023;2554,9;
1277;9,0;50;;;07/03/2023;-2992,5;
1278;82,0;1;;;08/03/2023;5377,9;
1279;54,0;52;;;08/03/2023;-1718,9;
1280;56,0;54;;;08/03/2023;-2894,0;
1281;3,0;32;;;08/03/2023;1275,3;
1282;17,0;32;;;08/03/2023;222,0;
1283;51,0;49;;;08/03/2023;-9661,8;
1284;7,0;23;;;08/03/2023;-1326,4;
1285;72,0;27;;;08/03/2023;5305,1;
1286;55,0;12;;;08/03/2023;5697,3;
1287;44,0;1;;;08/03/2023;-7405,8;
1288;11,0;42;;;08/03/2023;-1272,7;
1289;51,0;38;;;08/03/2023;-32,4;
1290;24,0;18;;;08/03/2023;6197,6;
1291;86,0;21;;;08/03/2023;4690,5;
1292;32,0;7;;;08/03/2023;-1806,2;
1293;47,0;2;;;08/03/2023;8686,9;
1294;52,0;21;;;08/03/2023;-8959,7;
1295;90,0;23;;;08/03/2023;-6227,2;
1296;66,0;17;;;08/03/2023;1959,4;
1297;15,0;49;;;08/03/2023;7113,4;
1298;72,0;53;;;08/03/2023;5102,0;
1299;28,0;50;;;08/03/2023;-1862,9;
1300;28,0;9;;;08/03/2023;2289,1;
1301;18,0;40;;;08/03/2023;4469,6;
1302;44,0;27;;;09/03/2023;-3660,5;
1303;18,0;15;;;09/03/2023;9757,7;
1304;24,0;17;;;09/03/2023;-7312,6;
1305;93,0;7;;;09/03/2023;1549,5;
1306;28,0;12;;;09/03/2023;768,5;
1307;96,0;16;;;09/03/2023;-6749,0;
1308;76,0;51;;;09/03/2023;-7742,9;
1309;44,0;24;;;09/03/2023;5870,1;
1310;60,0;22;;;09/03/2023;-4623,8;
1311;40,0;38;;;09/03/2023;-2216,2;
1312;10,0;11;;;09/03/2023;4692,2;
1313;59,0;1;;;09/03/2023;8979,8;
1314;65,0;28;;;09/03/2023;6589,9;
1315;91,0;45;;;09/03/2023;1417,0;
1316;97,0;40;;;09/03/2023;8093,4;
1317;55,0;15;;;10/03/2023;-2739,0;
1318;27,0;28;;;10/03/2023;9964,9;
1319;95,0;54;;;10/03/2023;1279,0;
1320;73,0;47;;;10/03/2023;-2623,7;
1321;88,0;12;;;10/03/2023;-1206,9;
1322;49,0;32;;;10/03/2023;1691,2;
1323;36,0;5;;;10/03/2023;-722,9;
1324;94,0;15;;;10/03/2023;-2833,9;
1325;26,0;30;;;10/03/2023;6090,2;
1326;1,0;43;;;10/03/2023;-5571,8;
1327;99,0;23;;;10/03/2023;-4939,4;
1328;14,0;45;;;10/03/2023;7291,3;
1329;18,0;32;;;10/03/2023;2798,9;
1330;7,0;11;;;11/03/2023;3348,3;
1331;11,0;53;;;11/03/2023;-6262,1;
1332;60,0;12;;;11/03/2023;7755,8;
1333;7,0;8;;;11/03/2023;2509,1;
1334;58,0;13;;;11/03/2023;4117,0;
1335;2,0;6;;;11/03/2023;-4135,9;
1336;92,0;25;;;11/03/2023;6655,8;
1337;24,0;39;;;11/03/2023;-5243,9;
1338;95,0;17;;;11/03/2023;-4176,9;
1339;62,0;25;;;11/03/2023;2022,1;
1340;19,0;36;;;11/03/2023;-7686,9;
1341;75,0;54;;;11/03/2023;-4811,7;
1342;99,0;3;;;11/03/2023;-1890,4;
1343;20,0;1;;;11/03/2023;-7467,8;
1344;14,0;25;;;11/03/2023;5933,1;
1345;24,0;41;;;11/03/2023;-2881,3;
1346;4,0;47;;;11/03/2023;2267,4;
1347;63,0;47;;;11/03/2023;7023,0;
1348;41,0;33;;;11/03/2023;8577,4;
1349;41,0;38;;;11/03/2023;8290,4;
1350;91,0;53;;;11/03/2023;3926,6;
1351;27,0;0;;;11/03/2023;-7121,6;
1352;72,0;21;;;11/03/2023;-7163,8;
1353;100,0;17;;;11/03/2023;-1039,1;
1354;85,0;12;;;11/03/2023;-3,2;
1355;32,0;28;;;11/03/2023;-71,2;
1356;2,0;34;;;11/03/2023;9957,0;
1357;91,0;41;;;11/03/2023;9149,9;
1358;65,0;53;;;12/03/2023;3501,2;
1359;17,0;22;;;12/03/2023;-4250,2;
1360;36,0;22;;;12/03/2023;6125,3;
1361;64,0;9;;;12/03/2023;-4178,9;
1362;80,0;12;;;12/03/2023;-9158,1;
1363;8,0;1;;;12/03/2023;4594,7;
1364;57,0;11;;;12/03/2023;7118,8;
1365;98,0;29;;;12/03/2023;9637,2;
1366;87,0;40;;;12/03/2023;-7386,7;
1367;36,0;4;;;12/03/2023;-8864,3;
1368;92,0;32;;;12/03/2023;-244,7;
1369;11,0;27;;;12/03/2023;-2892,2;
1370;96,0;0;;;12/03/2023;3053,7;
1371;8,0;24;;;12/03/2023;-1116,1;
1372;82,0;48;;;12/03/2023;7393,2;
1373;12,0;5;;;12/03/2023;5346,4;
1374;17,0;48;;;12/03/2023;3422,3;
1375;50,0;39;;;12/03/2023;-7006,9;
1376;13,0;21;;;12/03/2023;5149,8;
1377;8,0;41;;;12/03/2023;-8748,3;
1378;1,0;37;;;12/03/2023;9644,7;
1379;32,0;1;;;12/03/2023;-9337,7;
1380;60,0;3;;;12/03/2023;-2525,5;
1381;60,0;35;;;12/03/2023;4734,1;
1382;49,0;50;;;12/03/2023;-6686,4;
1383;48,0;21;;;12/03/2023;5316,0;
1384;14,0;11;;;12/03/2023;-2604,6;
1385;42,0;0;;;13/03/2023;-5165,2;
1386;45,0;9;;;13/03/2023;2253,3;
1387;57,0;41;;;13/03/2023;-5929,5;
1388;49,0;22;;;13/03/2023;9892,0;
1389;82,0;3;;;13/03/2023;-8543,4;
1390;3,0;13;;;13/03/2023;-8888,1;
1391;17,0;40;;;13/03/2023;9676,6;
1392;5,0;28;;;13/03/2023;3928,3;
1393;93,0;42;;;13/03/2023;-8403,6;
1394;24,0;1;;;13/03/2023;-9157,5;
1395;74,0;52;;;13/03/2023;-2156,0;
1396;92,0;0;;;13/03/2023;1482,4;
1397;69,0;52;;;13/03/2023;-8300,8;
1398;81,0;19;;;13/03/2023;3325,8;
1399;68,0;4;;;13/03/2023;-4988,7;
1400;31,0;22;;;13/03/2023;658,8;
1401;90,0;30;;;13/03/2023;3702,5;
1402;94,0;45;;;13/03/2023;9302,4;
1403;59,0;37;;;13/03/2023;8989,2;
1404;26,0;28;;;13/03/2023;-3662,4;
1405;36,0;45;;;13/03/2023;-9215,5;
1406;44,0;8;;;13/03/2023;-120,5;
1407;29,0;4;;;13/03/2023;-1703,1;
1408;87,0;29;;;14/03/2023;-9115,7;
1409;12,0;12;;;14/03/2023;-8860,4;
1410;79,0;33;;;14/03/2023;5679,3;
1411;26,0;13;;;14/03/2023;9328,6;
1412;15,0;45;;;14/03/2023;7217,8;
1413;76,0;50;;;14/03/2023;-1872,2;
1414;92,0;29;;;14/03/2023;-9727,6;
1415;71,0;27;;;14/03/2023;-3030,4;
1416;61,0;1;;;14/03/2023;9876,6;
1417;61,0;20;;;14/03/2023;9648,3;
1418;45,0;28;;;14/03/2023;1254,0;
1419;8,0;4;;;14/03/2023;7538,1;
1420;5,0;39;;;14/03/2023;-8694,3;
1421;62,0;23;;;14/03/2023;7242,5;
1422;98,0;39;;;14/03/2023;-8311,5;
1423;47,0;6;;;14/03/2023;-1140,0;
1424;69,0;43;;;14/03/2023;7803,5;
1425;76,0;13;;;14/03/2023;-252,7;
1426;48,0;53;;;14/03/2023;-5359,0;
1427;70,0;11;;;14/03/2023;2084,6;
1428;18,0;44;;;14/03/2023;8309,5;
1429;5,0;53;;;14/03/2023;-8319,8;
1430;32,0;7;;;14/03/2023;-7011,3;
1431;12,0;15;;;14/03/2023;-6567,7;
1432;56,0;5;;;14/03/2023;-4239,1;
1433;18,0;29;;;15/03/2023;7764,0;
1434;5,0;48;;;15/03/2023;-4792,0;
1435;43,0;34;;;15/03/2023;541,8;
1436;88,0;52;;;15/03/2023;-4537,6;
1437;21,0;49;;;15/03/2023;9095,1;
1438;81,0;41;;;15/03/2023;9096,9;
1439;15,0;17;;;15/03/2023;6788,7;
1440;14,0;6;;;15/03/2023;4572,8;
1441;84,0;53;;;15/03/2023;-4403,4;
1442;52,0;22;;;15/03/2023;-7620,2;
1443;95,0;0;;;15/03/2023;-8116,4;
1444;84,0;25;;;15/03/2023;3742,9;
1445;7,0;38;;;15/03/2023;4278,8;
1446;57,0;10;;;15/03/2023;-5095,6;
1447;11,0;28;;;15/03/2023;-8345,2;
1448;60,0;24;;;15/03/2023;-6465,7;
1449;58,0;45;;;15/03/2023;313,6;
1450;74,0;25;;;15/03/2023;-1828,6;
1451;22,0;35;;;16/03/2023;-649,8;
1452;64,0;14;;;16/03/2023;8109,6;
1453;72,0;49;;;16/03/2023;4688,0;
1454;39,0;14;;;16/03/2023;-9946,4;
1455;86,0;29;;;16/03/2023;8368,8;
1456;76,0;26;;;16/03/2023;-1422,1;
1457;55,0;15;;;16/03/2023;5633,7;
1458;96,0;15;;;16/03/2023;5230,7;
1459;95,0;30;;;16/03/2023;-8216,3;
1460;83,0;51;;;16/03/2023;42,8;
1461;4,0;7;;;16/03/2023;8908,4;
1462;43,0;12;;;16/03/2023;-1987,6;
1463;32,0;22;;;16/03/2023;-9698,6;
1464;23,0;26;;;16/03/2023;4792,9;
1465;99,0;28;;;16/03/2023;-6841,3;
1466;8,0;38;;;16/03/2023;847,2;
1467;95,0;38;;;16/03/2023;5014,5;
1468;58,0;35;;;17/03/2023;5021,3;
1469;57,0;49;;;17/03/2023;-8778,9;
1470;68,0;28;;;17/03/2023;-542,7;
1471;97,0;12;;;17/03/2023;2130,9;
1472;100,0;6;;;17/03/2023;-8159,6;
1473;94,0;21;;;17/03/2023;-3133,2;
1474;33,0;18;;;17/03/2023;1089,5;
1475;89,0;40;;;17/03/2023;-5328,3;
1476;76,0;11;;;17/03/2023;-9392,7;
1477;94,0;41;;;17/03/2023;-5235,4;
1478;83,0;50;;;17/03/2023;4728,0;
1479;20,0;5;;;17/03/2023;6641,1;
1480;51,0;54;;;17/03/2023;-8384,9;
1481;45,0;20;;;17/03/2023;5338,0;
1482;84,0;1;;;17/03/2023;-9506,1;
1483;84,0;53;;;17/03/2023;1954,8;
1484;24,0;32;;;17/03/2023;-866,3;
1485;14,0;6;;;17/03/2023;9284,1;
1486;51,0;27;;;17/03/2023;-8423,7;
1487;18,0;43;;;17/03/2023;9045,8;
1488;21,0;5;;;17/03/2023;6436,9;
1489;26,0;40;;;17/03/2023;-1216,0;
1490;33,0;4;;;17/03/2023;-4972,0;
1491;93,0;9;;;17/03/2023;-3779,8;
1492;17,0;27;;;17/03/2023;-7170,6;
1493;31,0;51;;;18/03/2023;-425,0;
1494;75,0;23;;;18/03/2023;-646,6;
1495;5,0;34;;;18/03/2023;-5603,8;
1496;57,0;33;;;18/03/2023;-3611,8;
1497;46,0;38;;;18/03/2023;-8157,8;
1498;46,0;28;;;18/03/2023;8415,6;
1499;83,0;28;;;18/03/2023;-6197,6;
1500;65,0;54;;;18/03/2023;-999,7;
1501;63,0;13;;;18/03/2023;9841,9;
1502;89,0;51;;;18/03/2023;-2104,2;
1503;27,0;15;;;18/03/2023;7306,3;
1504;2,0;35;;;18/03/2023;-453,5;
1505;71,0;21;;;18/03/2023;-9713,8;
1506;83,0;0;;;18/03/2023;-1601,4;
1507;41,0;38;;;18/03/2023;-3045,8;
1508;60,0;13;;;18/03/2023;277,4;
1509;15,0;6;;;18/03/2023;-1455,2;
1510;97,0;15;;;18/03/2023;5316,1;
1511;24,0;8;;;18/03/2023;3284,7;
1512;21,0;18;;;19/03/2023;-8720,9;
1513;13,0;2;;;19/03/2023;-3850,9;
1514;72,0;50;;;19/03/2023;-2201,9;
1515;73,0;18;;;19/03/2023;1508,4;
1516;11,0;6;;;19/03/2023;3911,1;
1517;49,0;12;;;19/03/2023;-9774,6;
1518;19,0;7;;;19/03/2023;-1442,2;
1519;56,0;12;;;19/03/2023;2295,1;
1520;79,0;18;;;19/03/2023;732,3;
1521;31,0;8;;;19/03/2023;447,3;
1522;72,0;36;;;19/03/2023;-9541,1;
1523;71,0;20;;;19/03/2023;-4051,0;
1524;41,0;49;;;19/03/2023;-1906,5;
1525;22,0;25;;;19/03/2023;6894,8;
1526;6,0;10;;;19/03/2023;7639,6;
1527;3,0;20;;;19/03/2023;306,8;
1528;16,0;39;;;19/03/2023;-8413,7;
1529;36,0;34;;;19/03/2023;9741,5;
1530;29,0;2;;;19/03/2023;-8501,4;
1531;16,0;54;;;19/03/2023;-2584,1;
1532;72,0;48;;;19/03/2023;3183,4;
1533;80,0;39;;;19/03/2023;7257,3;
1534;79,0;34;;;19/03/2023;7909,4;
1535;28,0;31;;;19/03/2023;5924,7;
1536;11,0;26;;;19/03/2023;6007,0;
1537;61,0;50;;;19/03/2023;863,8;
1538;53,0;15;;;20/03/2023;2685,5;
1539;92,0;9;;;20/03/2023;8097,9;
1540;25,0;34;;;20/03/2023;5535,6;
1541;61,0;32;;;20/03/2023;3729,6;
1542;18,0;34;;;20/03/2023;-4619,6;
1543;55,0;37;;;20/03/2023;-2182,5;
1544;35,0;43;;;20/03/2023;4521,3;
1545;88,0;40;;;20/03/2023;534,2;
1546;50,0;39;;;20/03/2023;3740,2;
1547;2,0;10;;;20/03/2023;-7146,0;
1548;27,0;45;;;20/03/2023;6084,7;
1549;40,0;5;;;20/03/2023;-1326,1;
1550;51,0;37;;;20/03/2023;-9250,4;
1551;46,0;35;;;20/03/2023;4652,5;
1552;73,0;39;;;20/03/2023;4573,5;
1553;92,0;18;;;20/03/2023;-9528,3;
1554;15,0;39;;;20/03/2023;-2398,1;
1555;70,0;20;;;20/03/2023;969,4;
1556;26,0;17;;;20/03/2023;-2714,1;
1557;37,0;27;;;20/03/2023;8326,8;
1558;59,0;48;;;20/03/2023;-4036,7;
1559;26,0;47;;;20/03/2023;2861,5;
1560;4,0;44;;;20/03/2023;4715,7;
1561;95,0;23;;;20/03/2023;-7142,7;
1562;48,0;30;;;20/03/2023;-5787,3;
1563;83,0;20;;;20/03/2023;-8591,8;
1564;33,0;35;;;21/03/2023;5858,9;
1565;19,0;19;;;21/03/2023;-1910,1;
1566;36,0;5;;;21/03/2023;-1809,7;
1567;64,0;49;;;21/03/2023;-6693,1;
1568;29,0;46;;;21/03/2023;1644,1;
1569;53,0;4;;;21/03/2023;-512,5;
1570;68,0;22;;;21/03/2023;-6851,7;
1571;94,0;31;;;21/03/2023;-6076,3;
1572;24,0;35;;;21/03/2023;-6890,1;
1573;35,0;22;;;21/03/2023;7097,0;
1574;74,0;9;;;21/03/2023;8252,6;
1575;54,0;14;;;21/03/2023;3548,5;
1576;88,0;49;;;21/03/2023;-7452,0;
1577;61,0;33;;;21/03/2023;1399,7;
1578;31,0;26;;;21/03/2023;5577,4;
1579;76,0;29;;;21/03/2023;2803,6;
1580;84,0;24;;;21/03/2023;-2547,1;
1581;85,0;14;;;21/03/2023;-1434,9;
1582;45,0;2;;;21/03/2023;-9458,5;
1583;38,0;42;;;21/03/2023;-2038,9;
1584;36,0;12;;;21/03/2023;-2483,7;
1585;10,0;29;;;21/03/2023;-4358,8;
1586;48,0;23;;;22/03/2023;9807,8;
1587;2,0;37;;;22/03/2023;-4040,3;
1588;28,0;13;;;22/03/2023;1480,8;
1589;39,0;46;;;22/03/2023;-9704,1;
1590;78,0;24;;;22/03/2023;7545,9;
1591;70,0;54;;;22/03/2023;-8209,6;
1592;54,0;27;;;22/03/2023;-574,2;
1593;91,0;30;;;22/03/2023;-5787,2;
1594;92,0;47;;;22/03/2023;7775,8;
1595;82,0;27;;;22/03/2023;699,2;
1596;26,0;16;;;22/03/2023;2247,2;
1597;79,0;23;;;22/03/2023;8116,1;
1598;61,0;54;;;22/03/2023;306,2;
1599;47,0;33;;;22/03/2023;-3846,5;
1600;17,0;44;;;22/03/2023;5825,3;
1601;8,0;27;;;22/03/2023;3724,8;
1602;8,0;27;;;22/03/2023;2935,4;
1603;80,0;48;;;22/03/2023;-578,4;
1604;96,0;36;;;22/03/2023;-1508,4;
1605;17,0;10;;;22/03/2023;7443,2;
1606;43,0;30;;;23/03/2023;6344,2;
1607;78,0;23;;;23/03/2023;5405,5;
1608;44,0;42;;;23/03/2023;-3675,1;
1609;49,0;28;;;23/03/2023;-1463,9;
1610;42,0;6;;;23/03/2023;6774,0;
1611;47,0;10;;;23/03/2023;-9155,1;
1612;75,0;23;;;23/03/2023;-7381,7;
1613;2,0;38;;;23/03/2023;7713,1;
1614;90,0;54;;;23/03/2023;3338,9;
1615;95,0;54;;;23/03/2023;-7809,7;
1616;88,0;33;;;23/03/2023;-1721,0;
1617;8,0;27;;;23/03/2023;-7737,7;
1618;15,0;4;;;23/03/2023;-5141,4;
1619;49,0;4;;;23/03/2023;4180,7;
1620;7,0;39;;;23/03/2023;2318,1;
1621;5,0;22;;;23/03/2023;-2809,6;
1622;42,0;42;;;23/03/2023;8196,6;
1623;62,0;37;;;23/03/2023;6365,2;
1624;2,0;33;;;23/03/2023;-563,4;
1625;76,0;42;;;24/03/2023;2244,9;
1626;26,0;9;;;24/03/2023;6726,2;
1627;3,0;40;;;24/03/2023;7007,0;
1628;83,0;0;;;24/03/2023;6312,0;
1629;69,0;34;;;24/03/2023;-6909,0;
1630;26,0;18;;;24/03/2023;5811,3;
1631;33,0;27;;;24/03/2023;9218,5;
1632;16,0;19;;;24/03/2023;-5554,0;
1633;52,0;32;;;24/03/2023;-8056,0;
1634;77,0;31;;;24/03/2023;-8064,1;
1635;35,0;53;;;24/03/2023;5772,6;
1636;26,0;23;;;24/03/2023;-3696,6;
1637;61,0;17;;;24/03/2023;-5332,3;
1638;49,0;40;;;24/03/2023;9553,7;
1639;18,0;33;;;24/03/2023;7395,3;
1640;84,0;46;;;24/03/2023;7295,2;
1641;4,0;13;;;24/03/2023;-1118,7;
1642;79,0;7;;;24/03/2023;-1837,6;
1643;54,0;1;;;24/03/2023;4531,7;
1644;59,0;41;;;24/03/2023;-9722,7;
1645;47,0;49;;;24/03/2023;-6827,1;
1646;90,0;1;;;24/03/2023;409,2;
1647;79,0;18;;;25/03/2023;3753,8;
1648;7,0;28;;;25/03/2023;-7098,9;
1649;26,0;12;;;25/03/2023;-9200,2;
1650;74,0;36;;;25/03/2023;-3222,4;
1651;55,0;5;;;25/03/2023;6629,5;
1652;61,0;24;;;25/03/2023;4992,6;
1653;86,0;34;;;25/03/2023;-3820,0;
1654;42,0;14;;;25/03/2023;-1347,6;
1655;89,0;26;;;25/03/2023;3028,4;
1656;20,0;41;;;25/03/2023;-6801,7;
1657;29,0;1;;;25/03/2023;-7947,3;
1658;27,0;20;;;25/03/2023;7933,1;
1659;82,0;27;;;25/03/2023;9290,0;
1660;66,0;15;;;25/03/2023;-8247,5;
1661;41,0;49;;;25/03/2023;-6363,4;
1662;98,0;35;;;25/03/2023;-2888,4;
1663;48,0;25;;;25/03/2023;-1610,4;
1664;15,0;39;;;25/03/2023;2598,2;
1665;81,0;48;;;25/03/2023;-7250,1;
1666;48,0;7;;;25/03/2023;-7400,7;
1667;23,0;15;;;25/03/2023;-3230,0;
1668;11,0;31;;;25/03/2023;1833,0;
1669;86,0;45;;;25/03/2023;-8004,6;
1670;84,0;5;;;25/03/2023;792,9;
1671;4,0;9;;;26/03/2023;-3438,3;
1672;46,0;21;;;26/03/2023;-2695,4;
1673;66,0;23;;;26/03/2023;-5763,3;
1674;69,0;39;;;26/03/2023;-2218,4;
1675;99,0;37;;;26/03/2023;4221,0;
1676;14,0;49;;;26/03/2023;6554,5;
1677;32,0;10;;;26/03/2023;-9454,3;
1678;59,0;48;;;26/03/2023;3005,0;
1679;31,0;9;;;26/03/2023;-8955,6;
1680;86,0;25;;;26/03/2023;8225,5;
1681;11,0;43;;;26/03/2023;-7456,9;
1682;22,0;43;;;26/03/2023;-9597,9;
1683;61,0;38;;;26/03/2023;-5169,9;
1684;91,0;49;;;26/03/2023;-6359,7;
1685;48,0;52;;;26/03/2023;5954,8;
1686;72,0;12;;;26/03/2023;-3111,3;
1687;42,0;49;;;26/03/2023;5537,6;
1688;45,0;33;;;26/03/2023;576,6;
1689;92,0;8;;;26/03/2023;9718,2;
1690;65,0;8;;;26/03/2023;-3632,5;
1691;89,0;49;;;26/03/2023;-9578,6;
1692;92,0;54;;;26/03/2023;-2926,3;
1693;87,0;50;;;26/03/2023;-2415,8;
1694;5,0;51;;;26/03/2023;2419,6;
1695;47,0;11;;;26/03/2023;-947,6;
1696;32,0;37;;;26/03/2023;-6511,2;
1697;47,0;34;;;27/03/2023;-7236,1;
1698;30,0;39;;;27/03/2023;-7484,7;
1699;7,0;29;;;27/03/2023;-4381,8;
1700;90,0;31;;;27/03/2023;337,4;
1701;99,0;11;;;27/03/2023;-3978,8;
1702;86,0;48;;;27/03/2023;-3967,4;
1703;55,0;39;;;27/03/2023;-5379,2;
1704;17,0;1;;;27/03/2023;6180,0;
1705;1,0;39;;;27/03/2023;-9791,5;
1706;70,0;40;;;27/03/2023;4025,0;
1707;66,0;36;;;27/03/2023;3393,6;
1708;14,0;48;;;27/03/2023;-1040,5;
1709;8,0;31;;;27/03/2023;3147,6;
1710;85,0;52;;;27/03/2023;2983,7;
1711;99,0;8;;;27/03/2023;-6328,2;
1712;9,0;0;;;27/03/2023;-3172,6;
1713;61,0;34;;;27/03/2023;-7806,8;
1714;4,0;2;;;28/03/2023;-2198,0;
1715;51,0;10;;;28/03/2023;-1720,1;
1716;1,0;9;;;28/03/2023;997,8;
1717;97,0;8;;;28/03/2023;1822,3;
1718;50,0;26;;;28/03/2023;-3926,7;
1719;74,0;30;;;28/03/2023;-166,1;
1720;30,0;32;;;28/03/2023;2504,7;
1721;38,0;18;;;28/03/2023;-8351,5;
1722;54,0;12;;;28/03/2023;-8611,1;
1723;46,0;34;;;28/03/2023;7583,6;
1724;71,0;46;;;28/03/2023;2876,9;
1725;99,0;43;;;28/03/2023;8837,6;
1726;47,0;34;;;28/03/2023;2108,8;
1727;5,0;48;;;28/03/2023;-2628,5;
1728;59,0;52;;;29/03/2023;-9178,1;
1729;75,0;50;;;29/03/2023;5666,0;
1730;15,0;42;;;29/03/2023;7805,0;
1731;13,0;23;;;29/03/2023;-3732,4;
1732;72,0;51;;;29/03/2023;9521,6;
1733;8,0;38;;;29/03/2023;-1366,7;
1734;71,0;11;;;29/03/2023;-5042,9;
1735;32,0;10;;;29/03/2023;7319,8;
1736;79,0;19;;;29/03/2023;1303,2;
1737;76,0;13;;;29/03/2023;-8196,1;
1738;66,0;27;;;29/03/2023;-4875,5;
1739;21,0;50;;;29/03/2023;8001,8;
1740;83,0;4;;;29/03/2023;1583,7;
1741;30,0;34;;;29/03/2023;5134,6;
1742;6,0;40;;;29/03/2023;-8221,7;
1743;54,0;29;;;29/03/2023;-414,1;
1744;67,0;34;;;29/03/2023;-8418,6;
1745;9,0;42;;;29/03/2023;-7218,4;
1746;82,0;10;;;29/03/2023;-2173,2;
1747;75,0;33;;;29/03/2023;-6305,9;
1748;41,0;45;;;29/03/2023;-4495,5;
1749;11,0;39;;;29/03/2023;-5950,6;
1750;10,0;14;;;30/03/2023;-2232,5;
1751;47,0;50;;;30/03/2023;-3029,5;
1752;58,0;16;;;30/03/2023;1994,0;
1753;57,0;23;;;30/03/2023;-7570,4;
1754;68,0;7;;;30/03/2023;3235,7;
1755;18,0;51;;;30/03/2023;-6230,0;
1756;76,0;15;;;30/03/2023;-9800,4;
1757;91,0;42;;;30/03/2023;-7540,1;
1758;67,0;22;;;30/03/2023;-7905,4;
1759;97,0;45;;;30/03/2023;4029,7;
1760;95,0;54;;;30/03/2023;-5303,2;
1761;98,0;35;;;30/03/2023;1836,1;
1762;97,0;39;;;30/03/2023;1305,2;
1763;22,0;41;;;30/03/2023;1146,2;
1764;74,0;29;;;30/03/2023;-7000,2;
1765;92,0;37;;;30/03/2023;7615,2;
1766;5,0;1;;;30/03/2023;9493,3;
1767;64,0;26;;;30/03/2023;159,9;
1768;43,0;44;;;30/03/2023;-7859,2;
1769;39,0;27;;;30/03/2023;-2371,7;
1770;58,0;46;;;30/03/2023;9741,9;
1771;40,0;25;;;30/03/2023;-7354,5;
1772;3,0;4;;;30/03/2023;8449,7;
1773;33,0;34;;;31/03/2023;3263,6;
1774;21,0;7;;;31/03/2023;-2048,5;
1775;56,0;28;;;31/03/2023;-9560,9;
1776;17,0;13;;;31/03/2023;1893,5;
1777;86,0;5;;;31/03/2023;832,6;
1778;82,0;41;;;31/03/2023;-4281,5;
1779;88,0;14;;;31/03/2023;855,4;
1780;53,0;24;;;31/03/2023;-7773,7;
1781;60,0;35;;;31/03/2023;1818,2;
1782;21,0;36;;;31/03/2023;5754,8;
1783;11,0;10;;;31/03/2023;5796,4;
1784;58,0;44;;;31/03/2023;-8472,2;
1785;64,0;44;;;31/03/2023;515,0;
1786;31,0;52;;;31/03/2023;-1514,5;
1787;22,0;10;;;31/03/2023;7270,2;
1788;23,0;50;;;31/03/2023;-8434,4;
1789;32,0;25;;;31/03/2023;-3459,1;
1790;57,0;28;;;01/04/2023;-4365,6;
1791;55,0;27;;;01/04/2023;-5482,2;
1792;42,0;15;;;01/04/2023;1588,5;
1793;96,0;37;;;01/04/2023;4556,0;
1794;22,0;10;;;01/04/2023;-8883,6;
1795;94,0;29;;;01/04/2023;4650,9;
1796;18,0;25;;;01/04/2023;-3891,5;
1797;60,0;12;;;01/04/2023;4609,3;
1798;82,0;47;;;01/04/2023;2644,9;
1799;42,0;36;;;01/04/2023;309,7;
1800;10,0;7;;;01/04/2023;3926,4;
1801;29,0;22;;;01/04/2023;-3575,8;
1802;44,0;9;;;01/04/2023;-1154,6;
1803;20,0;38;;;01/04/2023;8439,5;
1804;46,0;11;;;01/04/2023;3753,8;
1805;22,0;44;;;01/04/2023;9749,3;
1806;52,0;52;;;01/04/2023;-4076,0;
1807;66,0;12;;;02/04/2023;1237,7;
1808;96,0;28;;;02/04/2023;-6888,4;
1809;75,0;22;;;02/04/2023;-1532,6;
1810;98,0;15;;;02/04/2023;6003,7;
1811;11,0;9;;;02/04/2023;-6620,8;
1812;37,0;53;;;02/04/2023;8083,6;
1813;69,0;33;;;02/04/2023;2254,6;
1814;68,0;44;;;02/04/2023;-985,7;
1815;76,0;17;;;02/04/2023;5502,8;
1816;79,0;52;;;02/04/2023;5566,8;
1817;35,0;29;;;02/04/2023;-5151,8;
1818;83,0;50;;;02/04/2023;-1618,6;
1819;91,0;21;;;02/04/2023;2474,4;
1820;66,0;45;;;02/04/2023;-7161,3;
1821;10,0;2;;;02/04/2023;-2253,9;
1822;16,0;19;;;02/04/2023;-1350,2;
1823;32,0;43;;;02/04/2023;-8410,7;
1824;51,0;39;;;03/04/2023;-4200,7;
1825;5,0;50;;;03/04/2023;-983,7;
1826;45,0;15;;;03/04/2023;-5287,7;
1827;100,0;20;;;03/04/2023;-5589,0;
1828;35,0;44;;;03/04/2023;-7694,6;
1829;70,0;0;;;03/04/2023;4444,9;
1830;33,0;40;;;03/04/2023;-7366,3;
1831;49,0;44;;;03/04/2023;-6834,7;
1832;70,0;8;;;03/04/2023;-845,8;
1833;30,0;24;;;03/04/2023;2136,9;
1834;37,0;28;;;03/04/2023;-6008,0;
1835;5,0;51;;;03/04/2023;-3486,9;
1836;67,0;14;;;03/04/2023;1308,5;
1837;20,0;52;;;03/04/2023;-7462,5;
1838;87,0;10;;;03/04/2023;-521,5;
1839;69,0;24;;;03/04/2023;-2019,9;
1840;13,0;47;;;03/04/2023;-3946,5;
1841;55,0;4;;;03/04/2023;-6722,1;
1842;60,0;27;;;03/04/2023;6603,5;
1843;29,0;46;;;03/04/2023;-5152,0;
1844;35,0;24;;;03/04/2023;9393,9;
1845;49,0;9;;;03/04/2023;9065,9;
1846;68,0;36;;;03/04/2023;5162,8;
1847;45,0;7;;;03/04/2023;1324,0;
1848;39,0;53;;;03/04/2023;-811,2;
1849;11,0;18;;;03/04/2023;-2529,8;
1850;92,0;3;;;04/04/2023;1746,9;
1851;41,0;33;;;04/04/2023;-9090,9;
1852;44,0;42;;;04/04/2023;-3219,5;
1853;22,0;12;;;04/04/2023;1957,6;
1854;31,0;17;;;04/04/2023;2352,9;
1855;90,0;53;;;04/04/2023;-1470,8;
1856;93,0;35;;;04/04/2023;-9905,2;
1857;67,0;53;;;04/04/2023;2260,6;
1858;79,0;42;;;04/04/2023;-3355,1;
1859;17,0;37;;;04/04/2023;4976,2;
1860;48,0;51;;;04/04/2023;-8920,3;
1861;80,0;11;;;04/04/2023;5120,8;
1862;13,0;36;;;04/04/2023;6118,8;
1863;43,0;3;;;04/04/2023;6790,8;
1864;63,0;12;;;04/04/2023;-973,0;
1865;14,0;19;;;04/04/2023;3438,0;
1866;44,0;34;;;04/04/2023;-2188,2;
1867;17,0;34;;;04/04/2023;2949,8;
1868;49,0;9;;;04/04/2023;5359,0;
1869;26,0;10;;;04/04/2023;575,7;
1870;18,0;6;;;04/04/2023;9246,6;
1871;17,0;44;;;04/04/2023;-1205,8;
1872;41,0;31;;;04/04/2023;-664,4;
1873;67,0;50;;;04/04/2023;8996,9;
1874;89,0;36;;;04/04/2023;-8742,5;
1875;78,0;27;;;04/04/2023;-661,4;
1876;13,0;29;;;04/04/2023;-5090,7;
1877;72,0;9;;;04/04/2023;982,5;
1878;2,0;43;;;05/04/2023;1474,1;
1879;23,0;42;;;05/04/2023;5959,4;
1880;33,0;52;;;05/04/2023;9502,1;
1881;89,0;42;;;05/04/2023;-3552,7;
1882;25,0;5;;;05/04/2023;-1156,6;
1883;73,0;43;;;05/04/2023;-7671,1;
1884;13,0;44;;;05/04/2023;-477,0;
1885;95,0;52;;;05/04/2023;2652,6;
1886;89,0;50;;;05/04/2023;-4874,4;
1887;18,0;28;;;05/04/2023;9291,1;
1888;70,0;22;;;05/04/2023;3640,9;
1889;96,0;5;;;06/04/2023;4772,0;
1890;22,0;41;;;06/04/2023;2988,5;
1891;52,0;46;;;06/04/2023;911,7;
1892;94,0;16;;;06/04/2023;-7310,3;
1893;49,0;32;;;06/04/2023;-7642,1;
1894;51,0;50;;;06/04/2023;-9772,2;
1895;52,0;3;;;06/04/2023;-4499,2;
1896;98,0;14;;;06/04/2023;2149,5;
1897;25,0;9;;;06/04/2023;-896,8;
1898;88,0;14;;;06/04/2023;-5443,6;
1899;42,0;46;;;06/04/2023;-9031,2;
1900;85,0;2;;;06/04/2023;-9304,7;
1901;87,0;30;;;06/04/2023;320,4;
1902;75,0;30;;;06/04/2023;7911,4;
1903;25,0;26;;;06/04/2023;-6872,0;
1904;77,0;25;;;06/04/2023;-5611,3;
1905;93,0;47;;;06/04/2023;-3743,1;
1906;74,0;34;;;07/04/2023;-462,8;
1907;93,0;47;;;07/04/2023;-1255,8;
1908;56,0;12;;;07/04/2023;6548,5;
1909;100,0;44;;;07/04/2023;-7380,1;
1910;99,0;24;;;07/04/2023;-3353,4;
1911;20,0;44;;;07/04/2023;1907,6;
1912;68,0;0;;;07/04/2023;2555,1;
1913;5,0;50;;;07/04/2023;-8831,3;
1914;23,0;16;;;07/04/2023;-784,1;
1915;80,0;21;;;07/04/2023;-3776,7;
1916;10,0;48;;;07/04/2023;-5065,6;
1917;51,0;14;;;07/04/2023;4516,3;
1918;68,0;40;;;07/04/2023;9361,7;
1919;34,0;33;;;07/04/2023;-6479,8;
1920;41,0;41;;;07/04/2023;7167,9;
1921;99,0;15;;;07/04/2023;-3853,3;
1922;84,0;10;;;07/04/2023;1889,5;
1923;58,0;38;;;07/04/2023;-2857,7;
1924;28,0;54;;;07/04/2023;-8637,0;
1925;53,0;41;;;07/04/2023;6675,2;
1926;74,0;11;;;07/04/2023;-2170,0;
1927;95,0;15;;;07/04/2023;-5714,1;
1928;54,0;31;;;07/04/2023;-9591,6;
1929;27,0;4;;;07/04/2023;2777,3;
1930;22,0;9;;;07/04/2023;5740,7;
1931;44,0;37;;;07/04/2023;-8136,6;
1932;94,0;50;;;07/04/2023;3202,1;
1933;4,0;51;;;07/04/2023;-3724,1;
1934;84,0;1;;;07/04/2023;1485,5;
1935;55,0;10;;;08/04/2023;-825,0;
1936;96,0;10;;;08/04/2023;-7495,7;
1937;30,0;39;;;08/04/2023;-3673,4;
1938;68,0;32;;;08/04/2023;-3126,7;
1939;43,0;29;;;08/04/2023;-337,9;
1940;45,0;8;;;08/04/2023;-1536,5;
1941;94,0;27;;;08/04/2023;-9228,5;
1942;3,0;6;;;08/04/2023;-617,0;
1943;78,0;17;;;08/04/2023;-9349,4;
1944;85,0;47;;;08/04/2023;-7981,3;
1945;2,0;12;;;08/04/2023;1272,8;
1946;34,0;0;;;08/04/2023;5880,8;
1947;87,0;52;;;08/04/2023;380,4;
1948;36,0;26;;;08/04/2023;-906,3;
1949;22,0;0;;;09/04/2023;-3751,3;
1950;80,0;26;;;09/04/2023;-7533,2;
1951;80,0;3;;;09/04/2023;7794,2;
1952;3,0;47;;;09/04/2023;-1095,0;
1953;39,0;4;;;09/04/2023;7403,8;
1954;23,0;47;;;09/04/2023;7159,3;
1955;93,0;26;;;09/04/2023;8924,4;
1956;17,0;19;;;09/04/2023;2878,1;
1957;26,0;34;;;09/04/2023;9448,0;
1958;82,0;41;;;09/04/2023;16,5;
1959;79,0;34;;;09/04/2023;-8940,8;
1960;100,0;2;;;09/04/2023;-7928,0;
1961;62,0;20;;;09/04/2023;1859,4;
1962;11,0;13;;;09/04/2023;8374,9;
1963;47,0;29;;;09/04/2023;8022,8;
1964;84,0;52;;;09/04/2023;-8307,2;
1965;51,0;38;;;09/04/2023;-9341,5;
1966;49,0;27;;;09/04/2023;7797,3;
1967;3,0;2;;;09/04/2023;4084,1;
1968;33,0;19;;;09/04/2023;-8243,6;
1969;45,0;13;;;09/04/2023;-9631,6;
1970;97,0;47;;;09/04/2023;7320,9;
1971;75,0;29;;;09/04/2023;-9251,9;
1972;23,0;25;;;10/04/2023;-8930,3;
1973;98,0;42;;;10/04/2023;7447,7;
1974;43,0;27;;;10/04/2023;-5332,0;
1975;56,0;5;;;10/04/2023;-9453,3;
1976;30,0;6;;;10/04/2023;-6027,6;
1977;72,0;31;;;10/04/2023;3818,2;
1978;18,0;46;;;10/04/2023;-2046,0;
1979;22,0;40;;;10/04/2023;-6846,8;
1980;53,0;22;;;10/04/2023;6331,9;
1981;39,0;14;;;10/04/2023;-5334,2;
1982;17,0;35;;;10/04/2023;-3848,8;
1983;8,0;13;;;11/04/2023;-5564,6;
1984;11,0;12;;;11/04/2023;9257,0;
1985;4,0;12;;;11/04/2023;-5404,8;
1986;42,0;43;;;11/04/2023;1242,3;
1987;47,0;4;;;11/04/2023;-4949,0;
1988;25,0;17;;;11/04/2023;-919,3;
1989;39,0;7;;;11/04/2023;2527,9;
1990;97,0;34;;;11/04/2023;3824,4;
1991;55,0;47;;;11/04/2023;-2478,6;
1992;77,0;49;;;11/04/2023;-5820,9;
1993;52,0;46;;;11/04/2023;6792,9;
1994;30,0;5;;;11/04/2023;9347,8;
1995;19,0;30;;;11/04/2023;5079,4;
1996;22,0;37;;;11/04/2023;3049,6;
1997;77,0;52;;;11/04/2023;-1840,9;
1998;73,0;22;;;11/04/2023;-5221,4;
1999;12,0;31;;;11/04/2023;-9965,1;
2000;6,0;42;;;11/04/2023;-8444,3;
