index;counterpart_id;country;rating;industry;transaction_date;amount
1;6;37;9;47;01/01/2023;-9683,7
2;59;29;10;8;01/01/2023;-9137,6
3;87;5;10;8;01/01/2023;-371,3
4;16;44;10;64;01/01/2023;-1753,2
5;48;14;2;11;01/01/2023;-6122,2
6;71;30;10;54;01/01/2023;-6694
7;56;11;8;8;01/01/2023;-1955,2
8;24;32;4;13;01/01/2023;3615,2
9;34;40;7;30;01/01/2023;55,2
10;22;41;8;58;01/01/2023;8625,6
11;95;37;4;8;01/01/2023;-5988,6
12;8;38;7;60;01/01/2023;-2799,7
13;73;200;8;18;01/01/2023;7853,1
14;87;28;3;9;abc;2323,2
15;67;38;7;46;01/01/2023;-7322,5
16;15;46;2;26;01/01/2023;3988,3
17;31;30;7;49;01/01/2023;-506,1
18;9;39;1;12;01/01/2023;-7901,6
19;43;1;11;0;01/01/2023;5274,3
20;10;5;0;2;01/01/2023;
21;52;29;7;36;01/01/2023;-5022,9
22;83;19;4;53;01/01/2023;1130,2
23;5;25;2;42;01/01/2023;7176
24;25;9;6;62;02/01/2023;-4364,6
25;62;12;0;47;02/01/2023;4522
26;50;15;1;6;02/01/2023;4195,6
27;71;47;0;22;02/01/2023;1610
28;8;35;8;58;02/01/2023;6738,8
29;53;29;11;44;02/01/2023;-9834,4
30;12;35;10;62;02/01/2023;-9276,3
31;25;15;2;4;02/01/2023;-7223,6
32;31;33;2;18;02/01/2023;1693,6
33;13;27;9;63;02/01/2023;-8538,3
34;20;9;10;52;02/01/2023;-901,8
35;55;37;0;67;03/01/2023;-3436,9
36;45;36;11;5;03/01/2023;9300,7
37;58;30;7;28;03/01/2023;-5200,3
38;67;24;11;66;03/01/2023;2683,6
39;49;45;8;15;03/01/2023;-7967
40;25;37;1;63;03/01/2023;6622,8
41;28;38;6;57;03/01/2023;6657,1
42;44;50;8;42;03/01/2023;-6213,4
43;43;16;3;64;03/01/2023;-1055,9
44;81;49;3;63;03/01/2023;7,1
45;50;27;5;34;03/01/2023;3172,8
46;85;44;5;25;03/01/2023;-3381,1
47;18;45;5;63;03/01/2023;1306,4
48;27;41;10;45;03/01/2023;3616,1
49;28;50;6;50;03/01/2023;-8525,3
50;27;14;0;10;03/01/2023;7942
51;65;40;2;33;03/01/2023;-5347,4
52;37;27;5;50;03/01/2023;-6529,8
53;44;26;3;30;03/01/2023;7890,6
54;4;42;6;34;03/01/2023;-7159,3
55;20;6;3;6;03/01/2023;8263,5
56;23;52;7;48;03/01/2023;7466,2
57;19;3;4;55;03/01/2023;-5517,1
58;49;54;5;46;03/01/2023;-798,2
59;91;19;3;27;03/01/2023;-9897,5
60;62;33;7;47;03/01/2023;-2391,6
61;35;9;9;51;03/01/2023;4288,3
62;80;2;8;33;03/01/2023;672,3
63;56;36;6;51;04/01/2023;9580,6
64;73;40;9;45;04/01/2023;-4332,2
65;3;3;7;27;04/01/2023;8574,7
66;97;38;1;11;04/01/2023;-3728,4
67;59;48;10;63;04/01/2023;4721,4
68;43;11;4;60;04/01/2023;-8756,8
69;65;52;11;44;04/01/2023;3489,3
70;15;40;10;5;04/01/2023;-114,3
71;65;52;7;29;04/01/2023;1849,1
72;81;2;7;53;04/01/2023;7774,1
73;4;22;11;24;04/01/2023;-7553,7
74;40;0;7;18;04/01/2023;-9743,7
75;89;54;6;53;04/01/2023;-2578,1
76;95;48;4;49;04/01/2023;1728,2
77;14;20;1;32;04/01/2023;6749,3
78;20;38;11;57;04/01/2023;-4365,4
79;73;1;11;31;04/01/2023;1473,8
80;94;28;11;56;04/01/2023;-4184,8
81;5;29;10;40;04/01/2023;-7116,4
82;76;54;0;59;05/01/2023;3279,6
83;8;19;8;19;05/01/2023;5878,3
84;17;6;0;10;05/01/2023;-6728,2
85;80;37;6;12;05/01/2023;4379,6
86;73;54;8;62;05/01/2023;6518,5
87;2;54;1;69;05/01/2023;-1854
88;42;44;2;17;05/01/2023;-6124,1
89;66;20;11;2;05/01/2023;-1160,5
90;76;20;0;26;05/01/2023;-3570,7
91;80;30;11;48;05/01/2023;6146,9
92;96;38;4;36;05/01/2023;4026,9
93;71;47;6;22;05/01/2023;361,5
94;75;10;8;48;05/01/2023;-9259,9
95;94;37;2;54;05/01/2023;-7043,7
96;21;29;11;22;05/01/2023;-3450,9
97;77;20;2;16;05/01/2023;863,6
98;54;52;5;49;05/01/2023;-8554,1
99;49;1;5;50;05/01/2023;4714,3
100;9;5;11;56;05/01/2023;-4904,1
101;38;39;1;41;05/01/2023;-8122,7
102;62;34;2;65;06/01/2023;-1420,2
103;8;50;0;55;06/01/2023;4742,8
104;39;31;3;33;06/01/2023;-8749,6
105;11;11;11;11;06/01/2023;9782,9
106;79;46;0;63;06/01/2023;-9862,6
107;17;49;2;43;06/01/2023;2972,1
108;4;23;7;40;06/01/2023;2051,1
109;83;46;11;26;06/01/2023;2954,8
110;15;28;2;43;06/01/2023;-7185,9
111;86;8;7;39;06/01/2023;2733,5
112;16;38;10;56;06/01/2023;-8260,6
113;55;22;9;6;06/01/2023;5654,1
114;55;8;1;1;06/01/2023;-7780,4
115;92;10;4;10;06/01/2023;5178,3
116;24;36;9;59;06/01/2023;3119,3
117;65;29;6;45;06/01/2023;-2722,6
118;96;20;4;30;06/01/2023;-8297,3
119;61;40;9;34;06/01/2023;363
120;96;37;6;49;07/01/2023;-8714,9
121;88;36;2;12;07/01/2023;4556,1
122;69;5;3;58;07/01/2023;-9489
123;37;16;10;6;07/01/2023;-2614,5
124;82;20;11;36;07/01/2023;8942,5
125;90;13;8;2;07/01/2023;3391,8
126;99;25;11;47;07/01/2023;-8255,3
127;3;9;4;33;07/01/2023;3867,8
128;32;5;11;59;07/01/2023;4345,3
129;34;45;2;38;07/01/2023;6030,2
130;38;27;3;3;07/01/2023;9604,8
131;71;38;10;19;07/01/2023;3133,5
132;57;0;2;49;07/01/2023;7881,4
133;100;10;7;17;07/01/2023;6668,9
134;6;39;5;64;07/01/2023;-6693,9
135;94;8;4;35;07/01/2023;7240,7
136;67;1;8;48;07/01/2023;1830,8
137;31;5;10;56;07/01/2023;8175,6
138;35;12;7;48;07/01/2023;-1068,3
139;5;39;0;29;07/01/2023;-4095,8
140;37;34;8;1;07/01/2023;-9605,5
141;29;11;11;47;07/01/2023;5829,5
142;4;52;11;15;08/01/2023;-7915
143;61;45;6;3;08/01/2023;3344,1
144;85;46;1;53;08/01/2023;3357,6
145;68;54;9;44;08/01/2023;-2789,9
146;33;35;5;37;08/01/2023;3465,1
147;11;1;0;12;08/01/2023;943,3
148;100;9;5;5;08/01/2023;-107,8
149;98;41;6;3;08/01/2023;2648,9
150;96;46;3;48;08/01/2023;5063,1
151;89;38;9;18;08/01/2023;-1562
152;49;2;5;25;08/01/2023;-5628,2
153;93;54;8;10;08/01/2023;4165,8
154;41;0;3;24;08/01/2023;-2579,7
155;28;28;7;46;08/01/2023;-4181,4
156;86;50;4;64;08/01/2023;9618,8
157;72;49;1;21;08/01/2023;-4109,7
158;73;19;10;46;08/01/2023;-4139,3
159;98;37;6;51;08/01/2023;2663,1
160;12;38;8;26;08/01/2023;-1500,6
161;57;11;3;27;08/01/2023;-5744,8
162;43;5;1;53;08/01/2023;3842,6
163;56;24;7;21;08/01/2023;-3703,1
164;29;21;10;38;08/01/2023;-1912,9
165;55;49;0;31;08/01/2023;-36,3
166;75;7;2;66;08/01/2023;8755,8
167;81;36;11;28;09/01/2023;-8996,5
168;69;2;8;43;09/01/2023;-3862,2
169;29;27;0;33;09/01/2023;-3437,4
170;18;40;8;25;09/01/2023;8923,9
171;7;43;9;65;09/01/2023;-9877,6
172;73;19;5;16;09/01/2023;2625,5
173;11;21;7;8;09/01/2023;-6526
174;88;36;7;18;09/01/2023;-3307,9
175;24;6;5;5;09/01/2023;2891,5
176;61;30;3;55;09/01/2023;3536,9
177;16;39;7;5;09/01/2023;481,6
178;87;33;4;16;09/01/2023;2630,5
179;36;4;3;63;10/01/2023;7543,4
180;26;6;4;34;10/01/2023;1515,4
181;86;33;3;16;10/01/2023;-2295,9
182;53;8;7;30;10/01/2023;5371,8
183;34;1;7;50;10/01/2023;4886
184;78;18;4;55;10/01/2023;-1846
185;61;8;9;41;10/01/2023;-1185,3
186;62;40;6;38;10/01/2023;1423,1
187;90;53;0;39;10/01/2023;4744
188;54;42;5;50;10/01/2023;-6538,2
189;37;8;0;15;10/01/2023;-4715
190;95;3;7;35;10/01/2023;-7971,8
191;60;2;5;2;10/01/2023;5423,2
192;91;24;8;6;10/01/2023;-6157,8
193;29;35;9;44;10/01/2023;-9324,7
194;45;37;10;57;10/01/2023;4336,2
195;41;36;6;61;10/01/2023;7853,3
196;21;14;10;12;10/01/2023;-2640,6
197;16;48;5;30;10/01/2023;-2304,1
198;89;30;8;7;10/01/2023;3013,8
199;48;2;10;53;11/01/2023;2965,6
200;23;15;11;1;11/01/2023;-2807,5
201;32;18;2;1;11/01/2023;-4247,7
202;37;32;9;46;11/01/2023;2469,7
203;48;4;5;60;11/01/2023;5588,9
204;81;51;0;21;11/01/2023;-8329,9
205;13;6;10;25;11/01/2023;3893,9
206;47;17;5;44;11/01/2023;-1329,9
207;22;42;7;10;11/01/2023;9382,6
208;60;19;7;28;11/01/2023;-7089,2
209;12;46;0;34;11/01/2023;2706
210;22;1;11;24;11/01/2023;2898,9
211;8;0;10;9;11/01/2023;-8518,9
212;38;52;10;27;11/01/2023;731
213;89;54;11;1;11/01/2023;3441,8
214;14;25;1;8;11/01/2023;3784,3
215;50;12;6;47;11/01/2023;7998
216;35;24;6;45;11/01/2023;5518,2
217;82;30;9;52;11/01/2023;3446,1
218;59;24;6;44;11/01/2023;-7076,5
219;34;11;10;9;12/01/2023;-2351,7
220;26;20;6;5;12/01/2023;7772,4
221;99;11;8;26;12/01/2023;2912,2
222;25;41;6;6;12/01/2023;-7614,2
223;3;27;0;29;12/01/2023;7678,1
224;19;17;11;3;12/01/2023;-9326,8
225;64;12;1;9;12/01/2023;8727,2
226;26;29;2;17;12/01/2023;-2080,7
227;53;48;1;67;12/01/2023;-1076,8
228;89;40;10;63;12/01/2023;2823,6
229;24;2;1;54;13/01/2023;7177,3
230;49;47;10;27;13/01/2023;8628,2
231;89;46;4;59;13/01/2023;4030,2
232;33;7;3;38;13/01/2023;6444,4
233;81;34;6;9;13/01/2023;3468,4
234;39;8;1;61;13/01/2023;1670,6
235;33;54;9;66;13/01/2023;-7915,6
236;36;48;0;41;13/01/2023;-5909
237;84;46;11;44;13/01/2023;-6968,5
238;56;8;11;18;13/01/2023;-5886,4
239;7;31;1;49;13/01/2023;1492,1
240;55;15;11;6;13/01/2023;-1965,6
241;63;44;2;30;13/01/2023;-1762,6
242;88;21;4;43;13/01/2023;-3198,3
243;;0;11;56;13/01/2023;7128,3
244;83;30;0;29;13/01/2023;-6615,6
245;21;13;0;31;13/01/2023;-1572,3
246;56;52;9;10;13/01/2023;2758,1
247;44;25;11;54;13/01/2023;-1072,5
248;63;47;8;39;13/01/2023;5180,4
249;10;15;1;59;14/01/2023;5294,8
250;90;16;10;20;;-8284,2
251;56;35;1;18;14/01/2023;-8463,9
252;94;20;7;2;14/01/2023;-4869,5
253;90;52;2;8;14/01/2023;-5399,5
254;95;2;9;40;14/01/2023;-777,8
255;12;22;6;4;14/01/2023;-688,8
256;88;6;6;57;14/01/2023;4192,9
257;8;17;9;63;14/01/2023;-5920,9
258;65;12;8;27;14/01/2023;6911,7
259;83;33;2;4;14/01/2023;8877,6
260;54;6;3;7;14/01/2023;-9484,9
261;82;13;0;1;14/01/2023;-8916,8
262;43;24;4;66;14/01/2023;3186
263;69;35;6;7;14/01/2023;1931,8
264;55;2;6;300;14/01/2023;4398,1
265;95;22;3;69;14/01/2023;-2302,2
266;41;22;0;63;14/01/2023;-2515,2
267;46;0;7;26;14/01/2023;-6567,5
268;34;22;5;59;14/01/2023;-7069,3
269;7;44;4;1;15/01/2023;3370,9
270;36;6;10;34;15/01/2023;-4855,5
271;94;12;2;44;15/01/2023;-3803,1
272;32;30;9;2;15/01/2023;5473,5
273;57;6;4;17;15/01/2023;-4294,5
274;47;48;11;0;15/01/2023;9601,6
275;14;14;1;19;15/01/2023;6463,9
276;65;22;11;7;15/01/2023;3784,2
277;92;31;6;22;15/01/2023;3867,8
278;92;38;3;25;15/01/2023;3857,7
279;47;8;5;67;15/01/2023;-4551,5
280;1;39;10;35;15/01/2023;-8357,3
281;92;16;1;21;15/01/2023;9306,7
282;68;7;2;63;15/01/2023;8901,9
283;99;26;3;33;15/01/2023;6316,9
284;39;8;8;30;15/01/2023;-1796,7
285;14;43;1;65;15/01/2023;-823,6
286;96;4;5;4;15/01/2023;4978
287;83;39;6;54;16/01/2023;4442,6
288;83;3;7;56;16/01/2023;1829,5
289;65;26;10;3;16/01/2023;9963,7
290;53;45;8;33;16/01/2023;758,4
291;92;4;5;27;16/01/2023;8704,4
292;4;25;1;7;16/01/2023;-5459,3
293;24;28;8;48;16/01/2023;-2462,6
294;49;26;4;30;16/01/2023;-4261,4
295;46;30;2;28;16/01/2023;2290,7
296;64;52;5;59;16/01/2023;-8332,8
297;21;42;5;41;16/01/2023;9032,8
298;43;21;11;63;16/01/2023;6356
299;26;42;4;64;16/01/2023;5190,2
300;24;27;0;39;16/01/2023;8716,6
301;85;40;0;29;16/01/2023;1350
302;100;7;5;30;16/01/2023;-2456,8
303;7;42;1;51;16/01/2023;9130,8
304;80;29;5;64;16/01/2023;-4104,7
305;37;38;0;44;16/01/2023;4704
306;19;27;4;14;17/01/2023;6395
307;89;28;0;59;17/01/2023;-7111,6
308;1;38;6;13;17/01/2023;-4161,8
309;56;50;7;62;17/01/2023;-7519,7
310;77;37;9;41;17/01/2023;-9729,7
311;85;39;10;36;17/01/2023;-9510,3
312;78;3;1;43;17/01/2023;6266,1
313;75;45;5;69;17/01/2023;-8585,2
314;73;18;3;50;17/01/2023;4679,8
315;90;7;10;52;17/01/2023;-4204
316;81;7;2;41;17/01/2023;5958,5
317;82;36;2;69;17/01/2023;383
318;48;17;3;54;17/01/2023;-9090,8
319;77;14;5;10;17/01/2023;-8058,4
320;27;28;4;62;17/01/2023;-1540,7
321;46;32;1;67;18/01/2023;2939,5
322;1;19;2;39;18/01/2023;4326,1
323;5;13;11;62;18/01/2023;7450,3
324;83;47;2;68;18/01/2023;-5256,9
325;62;32;1;26;18/01/2023;-1579,9
326;28;12;1;62;18/01/2023;4431,9
327;38;23;1;56;18/01/2023;-8361,8
328;66;35;2;59;18/01/2023;-7082,5
329;100;9;11;42;18/01/2023;-819,2
330;86;54;10;67;18/01/2023;-6841,1
331;33;1;4;30;18/01/2023;3817,3
332;12;35;11;64;18/01/2023;2262,5
333;100;38;7;49;18/01/2023;-4123
334;89;36;11;17;18/01/2023;-6363,9
335;74;45;1;12;18/01/2023;382,2
336;13;38;9;60;18/01/2023;-5839,6
337;48;46;6;27;18/01/2023;-4793,4
338;38;21;6;67;18/01/2023;7526,2
339;23;44;1;46;18/01/2023;-2633,1
340;83;49;9;0;18/01/2023;8579,4
341;33;13;1;33;18/01/2023;-5886,8
342;2;36;8;29;18/01/2023;-5143,6
343;48;11;11;7;18/01/2023;-8575,2
344;49;17;5;39;18/01/2023;-9654,2
345;17;32;6;19;18/01/2023;7379,3
346;95;32;1;36;18/01/2023;3323,9
347;67;37;2;54;18/01/2023;71,3
348;1;40;8;16;18/01/2023;9896,4
349;27;37;4;6;18/01/2023;-8417
350;67;20;1;69;19/01/2023;8038,2
351;97;34;5;6;19/01/2023;-7033,3
352;66;30;5;29;19/01/2023;-9197,8
353;46;35;9;64;19/01/2023;-9314,7
354;16;29;2;24;19/01/2023;-2687,6
355;45;6;1;13;19/01/2023;8667,7
356;22;3;3;47;19/01/2023;8607,8
357;54;14;8;43;19/01/2023;8042,7
358;48;34;8;27;19/01/2023;-2767,2
359;9;2;5;68;19/01/2023;-2253,1
360;17;14;4;26;19/01/2023;5340,1
361;6;41;2;54;19/01/2023;-647,9
362;67;0;9;65;19/01/2023;6883,5
363;97;11;8;56;19/01/2023;-7623,3
364;67;42;6;54;19/01/2023;-5050,2
365;29;13;9;26;19/01/2023;2995,8
366;100;43;10;9;19/01/2023;-8122,9
367;59;51;2;45;19/01/2023;2768,4
368;25;45;10;59;19/01/2023;-189
369;24;0;0;9;19/01/2023;-6032,7
370;87;16;1;15;19/01/2023;-9859,2
371;53;40;5;25;19/01/2023;-3945
372;24;6;0;25;19/01/2023;2478,8
373;12;42;10;36;19/01/2023;-4031,8
374;92;45;5;46;19/01/2023;-3776
375;62;31;1;21;19/01/2023;8148,8
376;75;40;0;21;20/01/2023;-8476
377;80;8;7;36;20/01/2023;-7612,7
378;70;42;11;21;20/01/2023;-5660,9
379;91;42;10;8;20/01/2023;7829,8
380;99;33;4;45;20/01/2023;-8389,5
381;100;50;9;36;20/01/2023;5619,1
382;49;38;7;30;20/01/2023;4077,3
383;94;13;3;61;20/01/2023;-5660,5
384;95;10;4;64;20/01/2023;8659,3
385;17;39;10;18;20/01/2023;8692,1
386;77;1;11;41;20/01/2023;-3920,1
387;50;39;5;30;20/01/2023;-7689,4
388;99;37;11;39;20/01/2023;8794,5
389;11;12;2;20;20/01/2023;5104,6
390;61;8;5;40;20/01/2023;4912,3
391;92;8;0;49;20/01/2023;8231,4
392;37;40;5;40;20/01/2023;-1609,3
393;12;11;11;62;20/01/2023;-5049
394;76;54;11;20;20/01/2023;-7172,7
395;41;12;9;27;20/01/2023;9968,7
396;41;16;10;10;20/01/2023;-1489,7
397;29;39;2;23;20/01/2023;-2796,2
398;40;49;2;21;21/01/2023;2124,9
399;100;39;11;15;21/01/2023;1298,6
400;47;36;8;44;21/01/2023;3302
401;95;51;0;31;21/01/2023;5886,8
402;35;52;4;24;21/01/2023;-7951,3
403;90;7;7;69;21/01/2023;-4251,3
404;99;33;10;18;21/01/2023;-4956,6
405;47;17;9;37;21/01/2023;5778,1
406;87;40;6;52;21/01/2023;2251,8
407;5;20;3;19;21/01/2023;2627,8
408;67;30;2;57;21/01/2023;6215,6
409;47;7;8;41;22/01/2023;-4226,1
410;24;38;10;10;22/01/2023;-3237,8
411;7;17;1;64;22/01/2023;5173,1
412;80;25;7;25;22/01/2023;-3532,2
413;34;52;5;29;22/01/2023;2269,1
414;81;36;0;23;22/01/2023;6742,9
415;9;19;2;61;22/01/2023;-5780,8
416;28;32;2;69;22/01/2023;-8107
417;11;40;5;65;22/01/2023;-4819,2
418;16;30;7;34;22/01/2023;-764,8
419;65;44;4;56;22/01/2023;8800
420;79;14;1;55;22/01/2023;4981,8
421;75;37;10;68;22/01/2023;6486,7
422;71;34;2;40;22/01/2023;-8714,4
423;63;18;8;44;22/01/2023;-481,9
424;44;33;7;15;22/01/2023;-8815,9
425;43;4;11;9;22/01/2023;4099
426;34;12;5;66;22/01/2023;9564,1
427;60;47;5;50;22/01/2023;7169,7
428;35;20;9;65;22/01/2023;6368,2
429;28;0;3;9;22/01/2023;-5933,1
430;77;0;11;32;23/01/2023;1815,3
431;53;30;7;37;23/01/2023;3281
432;58;41;4;31;23/01/2023;6570,4
433;9;54;3;56;23/01/2023;-2909,8
434;33;45;7;60;23/01/2023;-3465,4
435;64;30;0;33;23/01/2023;-4744,1
436;62;43;4;22;23/01/2023;6345,4
437;72;33;2;13;23/01/2023;4922,1
438;56;54;8;4;23/01/2023;-2444,3
439;99;26;7;7;23/01/2023;2704,8
440;46;26;5;62;23/01/2023;-2535,2
441;51;39;0;51;23/01/2023;-8901,9
442;59;3;4;38;23/01/2023;6201,6
443;36;39;5;3;23/01/2023;8854,9
444;100;48;0;29;23/01/2023;1210,8
445;91;48;2;49;23/01/2023;-1244,9
446;99;1;7;40;23/01/2023;-4778,1
447;82;7;5;69;23/01/2023;2078,7
448;96;0;8;9;23/01/2023;-7206,5
449;58;50;11;44;23/01/2023;-3302,9
450;8;40;3;6;23/01/2023;6588,6
451;48;12;0;66;23/01/2023;7060,4
452;55;30;8;6;23/01/2023;6814,8
453;56;25;9;41;24/01/2023;3864,5
454;6;45;1;57;24/01/2023;-2963,3
455;59;49;4;31;24/01/2023;2057,3
456;15;27;8;25;24/01/2023;-1853,9
457;23;29;5;26;24/01/2023;-5514
458;50;27;11;32;24/01/2023;-9854,8
459;68;42;8;6;24/01/2023;7036,9
460;50;7;2;46;24/01/2023;2520,8
461;69;50;11;39;24/01/2023;-5796,1
462;68;54;7;39;24/01/2023;4461,8
463;49;40;8;38;24/01/2023;-4710,8
464;81;41;9;60;24/01/2023;6398,3
465;46;11;5;50;24/01/2023;-2106,9
466;32;38;7;28;24/01/2023;5275,5
467;9;43;7;10;24/01/2023;523,1
468;62;24;9;5;24/01/2023;-9437,5
469;46;9;4;27;24/01/2023;2326,4
470;13;4;6;24;24/01/2023;-6375,3
471;64;50;4;50;24/01/2023;3575,7
472;7;6;8;43;24/01/2023;5228,1
473;80;52;3;0;24/01/2023;-9601,7
474;78;20;6;67;24/01/2023;-1383,4
475;15;14;5;33;24/01/2023;-6520,1
476;90;27;9;26;24/01/2023;-4414,1
477;57;35;5;16;25/01/2023;-7452,4
478;12;17;10;54;25/01/2023;2461
479;14;48;5;14;25/01/2023;1943
480;76;39;3;13;25/01/2023;2225
481;54;23;8;66;25/01/2023;-7355,3
482;86;26;2;4;25/01/2023;-8482,4
483;67;33;1;6;25/01/2023;-9809,7
484;7;7;4;7;25/01/2023;6437,6
485;70;46;11;23;25/01/2023;1824
486;81;28;6;44;25/01/2023;3468,1
487;90;10;7;12;25/01/2023;-9523,6
488;57;51;1;63;25/01/2023;1326,2
489;27;0;11;57;25/01/2023;5559,8
490;61;49;3;29;25/01/2023;-9648
491;75;28;6;35;26/01/2023;-1766,7
492;46;37;11;50;26/01/2023;-7785,6
493;6;37;6;57;26/01/2023;-4848,9
494;22;47;2;21;26/01/2023;vide
495;81;53;8;3;26/01/2023;-4405,9
496;1;39;5;29;26/01/2023;3960,5
497;75;43;4;30;26/01/2023;9667,7
498;44;17;4;14;26/01/2023;8026,5
499;16;51;2;3;26/01/2023;7113,1
500;19;51;4;56;26/01/2023;-7225,8
501;47;22;1;49;26/01/2023;526
502;67;28;7;17;26/01/2023;766,9
503;60;7;4;17;26/01/2023;5434,8
504;71;12;3;47;26/01/2023;4411,3
505;4;21;8;66;27/01/2023;5730,5
506;81;18;2;55;27/01/2023;-9646,2
507;18;24;6;16;27/01/2023;761,5
508;91;19;1;23;27/01/2023;2382,2
509;98;17;1;55;abc;8240,4
510;53;26;5;27;27/01/2023;1973,9
511;29;38;5;34;27/01/2023;4906,2
512;54;1;0;59;27/01/2023;6794,7
513;41;8;8;65;27/01/2023;2625
514;67;49;3;22;27/01/2023;-8461
515;1;41;10;58;27/01/2023;9732,2
516;26;39;6;17;27/01/2023;-9959,8
517;6;16;0;53;27/01/2023;3840
518;16;38;11;33;27/01/2023;-5361,2
519;27;14;6;16;27/01/2023;3544,1
520;11;16;7;19;27/01/2023;-9110,2
521;94;39;5;22;27/01/2023;-8663,6
522;29;38;4;58;28/01/2023;-7043,5
523;59;24;3;33;28/01/2023;-1219,6
524;84;15;2;41;28/01/2023;-4103,6
525;19;49;9;12;28/01/2023;-9872,8
526;11;40;4;36;28/01/2023;-2935
527;100;16;4;49;28/01/2023;-3545,2
528;13;32;7;32;28/01/2023;-3182
529;9;19;9;68;28/01/2023;22,3
530;1;35;9;38;28/01/2023;1998,7
531;23;13;0;66;28/01/2023;-9838,6
532;83;47;0;54;28/01/2023;9534,3
533;29;28;7;64;28/01/2023;3444,9
534;90;9;5;60;28/01/2023;834,8
535;77;23;11;3;28/01/2023;-9815
536;99;4;4;35;28/01/2023;-2654,1
537;50;23;6;34;28/01/2023;3644,3
538;78;22;3;49;28/01/2023;-697,7
539;62;13;9;63;28/01/2023;-3808,5
540;20;34;11;10;28/01/2023;-8860,8
541;25;42;11;44;28/01/2023;-8197,3
542;50;10;9;38;28/01/2023;7752
543;94;47;2;47;28/01/2023;7370,8
544;85;32;7;2;29/01/2023;7114,6
545;63;37;1;42;29/01/2023;-5428,3
546;91;12;10;1;29/01/2023;-1850,2
547;48;31;10;50;29/01/2023;-6479,8
548;34;50;2;6;29/01/2023;8408,3
549;56;35;6;14;29/01/2023;-1441,9
550;76;27;3;48;29/01/2023;7591,8
551;3;35;1;69;29/01/2023;4474,9
552;99;11;4;8;29/01/2023;-9123,7
553;87;25;10;63;29/01/2023;-5836,4
554;80;43;1;59;29/01/2023;4183,9
555;36;25;8;17;29/01/2023;-6618,4
556;54;29;5;14;29/01/2023;9215,6
557;72;8;8;51;29/01/2023;-5375,7
558;7;26;6;2;29/01/2023;140,9
559;84;52;11;33;29/01/2023;-3134
560;66;26;8;49;29/01/2023;-6685,9
561;24;1;6;65;29/01/2023;-3670,4
562;52;18;6;16;29/01/2023;7798,6
563;78;26;2;56;29/01/2023;-7717,4
564;57;8;4;2;29/01/2023;9527,5
565;26;20;9;43;30/01/2023;-5229,1
566;46;23;9;40;30/01/2023;939,6
567;18;43;6;46;30/01/2023;-6852,4
568;100;28;6;26;30/01/2023;-7425,4
569;66;46;1;37;30/01/2023;6674,8
570;68;45;7;21;30/01/2023;1879,5
571;43;22;7;12;30/01/2023;-2632,2
572;62;41;0;59;30/01/2023;2590,9
573;50;36;4;37;30/01/2023;-6523,3
574;3;1;11;55;30/01/2023;-8169,1
575;90;49;0;26;30/01/2023;-1402
576;61;37;10;35;30/01/2023;6862,1
577;35;5;11;40;30/01/2023;-5367,3
578;76;16;0;15;30/01/2023;7083,3
579;50;26;8;8;30/01/2023;9260,3
580;28;37;6;1;30/01/2023;1290,2
581;7;9;3;10;30/01/2023;6808
582;53;10;11;36;30/01/2023;2811,4
583;67;6;2;36;30/01/2023;6221,6
584;60;18;10;51;31/01/2023;-3721,6
585;78;42;5;52;31/01/2023;6820,5
586;14;5;8;8;31/01/2023;-5231,6
587;1;45;7;35;31/01/2023;1810,3
588;31;1;4;52;31/01/2023;-168,5
589;26;2;0;2;31/01/2023;8119
590;80;45;4;17;31/01/2023;8144,9
591;77;28;9;19;31/01/2023;-5450
592;69;10;5;66;31/01/2023;8929,3
593;73;54;2;6;31/01/2023;310,3
594;56;44;2;36;31/01/2023;5803,4
595;85;30;1;43;31/01/2023;1804,7
596;90;36;10;44;31/01/2023;-5651,1
597;29;28;1;67;31/01/2023;-7452,2
598;12;39;4;18;31/01/2023;-3908,7
599;95;22;10;7;31/01/2023;3705,5
600;29;9;0;66;31/01/2023;6942,1
601;31;19;0;44;01/02/2023;-3433,9
602;15;54;7;18;01/02/2023;-6319,9
603;37;1;1;55;01/02/2023;-6735,1
604;48;22;1;26;01/02/2023;-1699,9
605;59;9;3;50;01/02/2023;1099,5
606;45;40;11;57;01/02/2023;-9793,8
607;38;34;11;50;01/02/2023;2561,5
608;95;22;6;26;01/02/2023;-6098,9
609;7;44;10;25;01/02/2023;-7102,4
610;11;54;1;10;01/02/2023;4048
611;44;11;6;30;01/02/2023;7477,6
612;18;29;3;21;01/02/2023;-7838,7
613;33;31;7;31;01/02/2023;-8153,1
614;68;52;1;46;01/02/2023;-3065,6
615;80;39;7;34;01/02/2023;-6942,8
616;36;6;3;4;01/02/2023;-3151,1
617;100;25;7;57;01/02/2023;5467,6
618;23;46;9;21;02/02/2023;4824,3
619;69;12;1;46;02/02/2023;4361,2
620;5;17;5;67;02/02/2023;-5007,5
621;7;45;0;26;02/02/2023;7474,9
622;34;10;0;64;02/02/2023;5554,6
623;16;35;3;69;02/02/2023;-7630,2
624;55;25;4;8;02/02/2023;2696,2
625;70;21;11;13;02/02/2023;-960,1
626;57;13;1;36;02/02/2023;9713
627;76;41;8;55;02/02/2023;5179,9
628;71;21;4;52;02/02/2023;9901
629;79;7;7;53;02/02/2023;-9509
630;48;45;2;54;03/02/2023;8605,2
631;43;3;0;64;03/02/2023;5822,8
632;57;23;0;23;03/02/2023;7948,4
633;45;34;6;8;03/02/2023;4360,1
634;43;35;0;36;03/02/2023;4431,7
635;29;18;6;62;03/02/2023;9345
636;1;49;0;63;03/02/2023;7526,1
637;28;16;7;16;03/02/2023;-5116
638;75;10;6;65;03/02/2023;8546,3
639;13;30;1;5;03/02/2023;1508,6
640;83;12;3;67;03/02/2023;9761,3
641;80;8;11;19;03/02/2023;-9310,5
642;60;9;4;24;03/02/2023;-7574,3
643;34;3;10;52;03/02/2023;-2230,2
644;44;19;9;29;03/02/2023;-8915,4
645;43;13;0;65;04/02/2023;4147,9
646;96;43;11;42;04/02/2023;-629,5
647;6;9;5;60;04/02/2023;-1372,2
648;11;33;8;1;04/02/2023;-580,1
649;56;44;10;32;04/02/2023;6014,3
650;57;34;10;8;04/02/2023;-7610,5
651;30;26;2;42;04/02/2023;-4986,7
652;96;1;5;38;04/02/2023;-3677,1
653;24;18;5;12;04/02/2023;-4564,5
654;13;9;7;7;04/02/2023;4688
655;44;36;3;44;04/02/2023;-2802,1
656;10;24;9;22;04/02/2023;382,5
657;86;43;2;47;04/02/2023;6311,9
658;3;54;8;59;04/02/2023;-9460,2
659;91;28;4;55;04/02/2023;-9119,7
660;7;10;3;17;04/02/2023;-8123,4
661;76;46;6;64;04/02/2023;-6764,1
662;2;49;11;11;05/02/2023;4958,2
663;53;42;2;3;05/02/2023;8808
664;69;38;5;15;05/02/2023;8996,9
665;80;10;9;23;05/02/2023;-6418,1
666;90;13;8;9;05/02/2023;-1289,2
667;21;41;5;53;05/02/2023;9493,4
668;38;35;0;18;05/02/2023;-6732,7
669;85;51;5;0;05/02/2023;-4715,3
670;71;43;7;33;05/02/2023;1305,7
671;35;13;6;47;05/02/2023;8544,7
672;55;27;2;13;05/02/2023;3954,6
673;100;5;4;36;05/02/2023;-2234,2
674;73;28;7;45;05/02/2023;-2863,1
675;91;4;9;9;05/02/2023;7421,2
676;59;8;1;21;05/02/2023;-6801,7
677;7;36;8;35;05/02/2023;2316,2
678;4;12;2;43;05/02/2023;2694,8
679;72;49;3;60;05/02/2023;3478,3
680;75;3;4;26;05/02/2023;4662
681;24;54;0;45;06/02/2023;2711,4
682;27;15;11;63;06/02/2023;-1489,3
683;19;41;0;42;06/02/2023;5885,3
684;53;40;0;40;06/02/2023;7633,1
685;78;29;4;63;06/02/2023;6948
686;76;19;4;53;06/02/2023;9002,3
687;66;1;7;56;06/02/2023;-6330,1
688;97;4;8;20;06/02/2023;-1695,8
689;70;19;6;14;06/02/2023;-8405,6
690;83;10;5;47;06/02/2023;950,6
691;8;25;10;4;06/02/2023;-3533
692;41;29;6;32;06/02/2023;-7276,6
693;77;48;11;42;06/02/2023;-7917,2
694;13;28;2;54;06/02/2023;-914,2
695;75;51;8;68;06/02/2023;7908,8
696;58;30;7;36;06/02/2023;-7754,1
697;36;36;10;32;06/02/2023;-3753,1
698;89;54;7;65;06/02/2023;-1238,6
699;87;20;10;6;06/02/2023;-6318,9
700;3;40;2;22;06/02/2023;-5073,3
701;22;52;9;59;07/02/2023;-1742,9
702;84;27;3;28;07/02/2023;-7086,6
703;13;46;2;30;07/02/2023;-4958
704;100;32;0;41;07/02/2023;7404,8
705;8;46;4;47;07/02/2023;-1369,5
706;33;49;5;58;07/02/2023;-8405,5
707;32;44;2;62;07/02/2023;-4717,7
708;71;2;6;53;07/02/2023;-3955,6
709;21;54;7;3;07/02/2023;-2177,7
710;48;28;5;59;07/02/2023;7260,9
711;8;10;9;43;07/02/2023;-3787,8
712;41;17;2;68;07/02/2023;1993
713;35;18;2;4;07/02/2023;5087,5
714;86;41;4;9;07/02/2023;313,8
715;12;1;2;65;07/02/2023;-7801,6
716;49;23;4;26;08/02/2023;626,6
717;83;38;10;54;08/02/2023;3764,7
718;61;17;6;69;08/02/2023;2737,3
719;62;47;10;12;08/02/2023;3237,1
720;35;42;5;26;08/02/2023;7245,1
721;84;45;5;39;08/02/2023;-9375,5
722;49;3;6;38;08/02/2023;4329,4
723;85;46;7;39;08/02/2023;8680,9
724;77;13;7;28;08/02/2023;-322,3
725;14;37;8;53;08/02/2023;-8968,6
726;75;11;11;13;08/02/2023;-3891,5
727;19;48;3;3;08/02/2023;3662,6
728;78;7;7;53;08/02/2023;7830,8
729;56;30;4;13;08/02/2023;5014,3
730;100;37;2;37;08/02/2023;6921,4
731;24;51;3;27;08/02/2023;-4533,5
732;55;19;3;65;08/02/2023;8859,1
733;41;48;9;58;08/02/2023;5787,3
734;91;7;2;0;08/02/2023;1596,6
735;83;3;1;65;08/02/2023;5671,9
736;67;28;3;18;08/02/2023;8177,9
737;54;5;0;0;08/02/2023;-4397,7
738;62;8;9;18;09/02/2023;4200,9
739;28;38;9;20;09/02/2023;6960,6
740;14;36;1;38;09/02/2023;9588,2
741;26;49;4;45;09/02/2023;-1195,4
742;61;3;10;57;09/02/2023;3153,9
743;59;13;7;45;09/02/2023;8167,4
744;5;37;10;17;09/02/2023;7286,6
745;10;33;8;65;09/02/2023;-2574,8
746;39;48;8;22;09/02/2023;-1741,7
747;14;16;9;31;09/02/2023;6293,5
748;88;22;2;68;09/02/2023;-4645,9
749;41;43;9;69;09/02/2023;3929,8
750;32;10;1;17;09/02/2023;923,1
751;49;47;10;1;09/02/2023;4178,1
752;59;34;1;6;09/02/2023;3429,4
753;12;10;8;38;09/02/2023;8967,2
754;60;8;5;25;09/02/2023;4736,5
755;54;16;7;67;10/02/2023;7019
756;53;30;7;2;10/02/2023;7415,7
757;46;17;5;0;10/02/2023;1334,5
758;6;43;0;21;10/02/2023;-1784,5
759;29;11;1;59;10/02/2023;-6768,1
760;1;45;10;66;10/02/2023;-4645,4
761;58;15;5;34;10/02/2023;1200,8
762;52;23;1;5;10/02/2023;-1911,5
763;41;52;0;43;10/02/2023;7972
764;100;27;10;16;10/02/2023;8251,1
765;7;51;4;60;10/02/2023;-70,6
766;99;2;9;16;10/02/2023;1493,8
767;47;14;8;40;10/02/2023;5361,6
768;82;33;10;34;10/02/2023;3614,7
769;99;5;7;65;10/02/2023;-4975,5
770;46;12;5;5;10/02/2023;4128,6
771;16;3;1;11;10/02/2023;9363,3
772;24;27;5;68;10/02/2023;3058,2
773;94;28;1;17;10/02/2023;-3192,9
774;20;18;9;5;10/02/2023;8506,7
775;50;36;2;23;10/02/2023;-335,9
776;48;5;6;2;11/02/2023;9551,1
777;37;15;10;37;11/02/2023;3504,2
778;95;32;3;64;11/02/2023;8358,4
779;86;35;0;30;11/02/2023;7111,7
780;31;32;2;38;11/02/2023;9223,1
781;59;46;0;34;11/02/2023;-796,4
782;18;5;8;31;11/02/2023;667,7
783;62;41;6;62;11/02/2023;-9903,6
784;81;28;8;27;11/02/2023;-6432,3
785;1;35;1;40;11/02/2023;-8310,7
786;40;39;4;1;11/02/2023;-1044
787;15;44;0;28;11/02/2023;827,9
788;18;8;2;39;11/02/2023;9056,5
789;98;51;4;55;11/02/2023;4855,5
790;88;31;1;19;11/02/2023;4837,6
791;66;16;9;48;11/02/2023;-2183,3
792;72;12;4;35;11/02/2023;8002,1
793;23;50;2;20;11/02/2023;4399,7
794;89;49;1;27;12/02/2023;-2141,8
795;49;27;4;58;12/02/2023;9876,7
796;49;41;8;14;12/02/2023;8311,5
797;44;34;9;26;12/02/2023;-7432,8
798;55;24;1;65;12/02/2023;4586
799;24;30;7;31;12/02/2023;9274,2
800;73;0;10;25;12/02/2023;8199,1
801;15;19;11;63;12/02/2023;8515,4
802;20;52;10;18;12/02/2023;-7318,2
803;30;2;1;61;12/02/2023;8184,7
804;95;16;7;47;12/02/2023;-139,7
805;93;38;6;36;12/02/2023;-6869,1
806;38;32;0;42;12/02/2023;-4633,5
807;33;25;6;53;12/02/2023;34,9
808;94;48;4;60;12/02/2023;-476,2
809;40;17;1;20;12/02/2023;-4687,4
810;50;20;10;8;12/02/2023;3137,7
811;13;26;9;58;12/02/2023;-6776,7
812;78;33;1;47;12/02/2023;7836,4
813;57;29;11;55;13/02/2023;-7148,3
814;94;17;2;48;13/02/2023;8325,7
815;25;10;11;29;13/02/2023;9587,2
816;90;8;9;20;13/02/2023;-7680,3
817;64;38;1;61;13/02/2023;-7137,3
818;41;2;9;25;13/02/2023;-535,1
819;10;3;4;44;13/02/2023;-9034,6
820;87;30;2;14;13/02/2023;-9720,6
821;91;43;7;29;13/02/2023;7694,7
822;51;46;8;48;13/02/2023;-9156,9
823;53;38;6;5;13/02/2023;-1975,3
824;27;53;5;14;13/02/2023;5722,4
825;64;46;9;48;13/02/2023;-95,7
826;100;34;9;45;13/02/2023;5237,9
827;60;28;11;12;13/02/2023;2186,8
828;96;39;4;30;13/02/2023;3144,3
829;14;31;3;2;13/02/2023;9487,4
830;42;19;9;56;13/02/2023;-6670,5
831;38;50;2;36;13/02/2023;6584,2
832;23;34;1;58;13/02/2023;5663,4
833;53;32;3;22;13/02/2023;-8324,8
834;74;42;3;9;13/02/2023;5248,6
835;96;30;11;27;13/02/2023;-100,1
836;5;3;2;45;13/02/2023;-4819,8
837;13;37;3;21;13/02/2023;1049,8
838;66;51;6;3;13/02/2023;-9435,7
839;88;43;0;67;14/02/2023;-9351,5
840;34;21;2;23;14/02/2023;-1990,8
841;62;40;4;3;14/02/2023;449,5
842;98;52;10;68;14/02/2023;3920,3
843;34;14;11;31;14/02/2023;-2992
844;47;1;1;53;14/02/2023;-2321,1
845;42;49;6;12;14/02/2023;-998,4
846;84;37;1;54;14/02/2023;-4487,9
847;79;43;9;29;14/02/2023;-2842,7
848;82;21;5;25;14/02/2023;-962,6
849;46;18;3;8;14/02/2023;7349,5
850;44;50;11;17;15/02/2023;-9970,4
851;31;31;8;49;15/02/2023;3915,5
852;96;47;7;42;15/02/2023;-1550,7
853;86;38;2;61;15/02/2023;-5997,8
854;59;30;2;60;15/02/2023;-4447,7
855;68;42;2;59;15/02/2023;3283,1
856;34;29;2;67;15/02/2023;-7282,1
857;56;10;6;12;15/02/2023;5524,9
858;80;34;6;7;15/02/2023;-4978,4
859;45;28;1;23;15/02/2023;-738,7
860;26;8;0;21;15/02/2023;-5069
861;89;36;5;39;15/02/2023;-3199
862;63;35;6;61;15/02/2023;4725,1
863;15;7;5;59;15/02/2023;-594,8
864;35;15;1;52;15/02/2023;-6409,3
865;82;40;11;68;15/02/2023;-2484,2
866;58;19;2;21;15/02/2023;-1051,5
867;50;37;1;62;15/02/2023;-3411,3
868;87;10;0;63;16/02/2023;-2985,6
869;65;1;3;32;16/02/2023;-5783,3
870;97;5;2;42;16/02/2023;-7123,4
871;5;2;7;26;16/02/2023;-7414,9
872;23;33;5;52;16/02/2023;-3664,4
873;57;30;2;30;16/02/2023;8991,1
874;40;53;8;16;16/02/2023;8,8
875;49;32;0;27;16/02/2023;-7918,8
876;83;36;10;16;16/02/2023;-7316,5
877;96;41;8;60;16/02/2023;1891
878;10;52;9;19;16/02/2023;6789,3
879;97;12;7;25;16/02/2023;4844,7
880;8;36;1;34;16/02/2023;-9378,8
881;20;23;8;14;16/02/2023;119,1
882;23;21;10;55;16/02/2023;-3475,3
883;94;39;9;12;16/02/2023;-620,6
884;63;53;11;10;16/02/2023;7170
885;51;51;0;57;16/02/2023;-8111,7
886;4;16;3;18;16/02/2023;-2593,3
887;52;6;3;57;16/02/2023;-1511
888;56;31;10;26;16/02/2023;-7757,2
889;8;25;11;21;16/02/2023;3650
890;71;36;3;37;16/02/2023;-9589
891;97;6;7;57;16/02/2023;5071,1
892;43;30;10;24;16/02/2023;8464,7
893;7;33;5;20;16/02/2023;8647,2
894;2;34;8;30;16/02/2023;-3197,4
895;47;47;0;20;16/02/2023;-1639,7
896;13;19;9;21;16/02/2023;-1371,4
897;69;40;11;55;16/02/2023;6142,1
898;5;10;1;23;16/02/2023;4449,6
899;63;54;10;28;16/02/2023;2164,7
900;83;17;2;19;16/02/2023;1624,5
901;7;8;8;6;16/02/2023;-4022,1
902;10;5;2;34;16/02/2023;7555,9
903;3;37;0;37;16/02/2023;-1070
904;94;13;7;47;17/02/2023;5640,6
905;29;4;1;2;17/02/2023;-3826
906;55;5;1;2;17/02/2023;-5219
907;47;20;6;12;17/02/2023;6514,5
908;62;30;1;10;17/02/2023;8580,4
909;2;36;1;2;17/02/2023;-8251,7
910;86;20;3;2;17/02/2023;-5377,9
911;54;12;10;47;17/02/2023;7590,5
912;80;1;6;41;17/02/2023;-3534,2
913;73;30;8;39;17/02/2023;-4172,7
914;30;44;7;34;17/02/2023;-7828,1
915;71;15;3;0;17/02/2023;168,4
916;69;18;8;8;17/02/2023;5433,5
917;93;1;9;25;17/02/2023;-5517,7
918;51;31;4;56;17/02/2023;8038,4
919;27;24;5;1;17/02/2023;-7809,2
920;37;52;10;65;17/02/2023;-9295,9
921;95;10;6;62;17/02/2023;7995,6
922;32;41;6;41;17/02/2023;-4471,8
923;74;6;1;2;17/02/2023;2868,2
924;9;19;9;32;17/02/2023;4658,5
925;52;37;9;46;17/02/2023;-1237,4
926;76;14;5;7;18/02/2023;-459,6
927;80;17;8;55;18/02/2023;-1483,2
928;42;5;4;27;18/02/2023;5007,3
929;33;42;9;25;18/02/2023;-2509,9
930;42;19;5;32;18/02/2023;1375,4
931;28;41;7;2;18/02/2023;-4755,7
932;64;43;9;59;18/02/2023;-3583,2
933;54;26;7;3;18/02/2023;2451,9
934;12;12;6;68;18/02/2023;8921,5
935;4;17;0;59;18/02/2023;-4935,4
936;95;27;5;50;18/02/2023;9760,3
937;9;41;10;59;18/02/2023;9701,6
938;51;17;0;41;18/02/2023;2259,1
939;46;23;6;61;18/02/2023;5394,8
940;88;46;9;21;18/02/2023;5347,4
941;46;28;6;15;18/02/2023;7821,7
942;20;49;11;35;18/02/2023;-9897,9
943;98;31;0;41;18/02/2023;8746,6
944;29;47;11;40;18/02/2023;9277,4
945;1;26;0;6;18/02/2023;-2002,6
946;65;50;2;44;18/02/2023;-8463,6
947;26;2;11;63;18/02/2023;6556,2
948;41;15;0;59;18/02/2023;4296,2
949;65;5;11;45;18/02/2023;-7020,1
950;73;22;4;13;18/02/2023;-8924,7
951;82;7;8;59;19/02/2023;2559,7
952;89;28;0;41;19/02/2023;-411,6
953;28;21;5;51;19/02/2023;-8824,3
954;43;41;3;59;19/02/2023;-4135
955;15;35;8;31;19/02/2023;4702,2
956;33;53;11;59;19/02/2023;-4026,5
957;96;2;9;41;19/02/2023;354,4
958;67;0;2;27;19/02/2023;-1432,6
959;68;23;0;27;19/02/2023;-933
960;25;20;9;23;19/02/2023;4285,5
961;99;25;9;0;19/02/2023;-2442,9
962;39;52;1;49;19/02/2023;-6823
963;50;34;0;10;19/02/2023;5685
964;69;31;2;45;19/02/2023;5495,9
965;62;54;3;22;19/02/2023;-3461,4
966;53;48;5;19;19/02/2023;-1300,8
967;1;37;5;14;19/02/2023;-6338,5
968;77;9;1;16;19/02/2023;4839,3
969;87;54;4;30;20/02/2023;-2636,7
970;18;23;9;20;20/02/2023;681,7
971;9;16;6;38;20/02/2023;1567,7
972;1;28;8;8;20/02/2023;140,7
973;56;20;10;49;20/02/2023;-912,9
974;16;43;11;66;20/02/2023;-708,9
975;13;9;10;21;20/02/2023;3951,2
976;58;33;5;19;20/02/2023;1916
977;47;40;11;60;20/02/2023;6073
978;98;43;5;31;20/02/2023;6777,9
979;62;22;5;26;20/02/2023;-4701,4
980;42;53;2;50;20/02/2023;-3592,6
981;97;9;11;66;20/02/2023;-2533,6
982;39;41;5;23;20/02/2023;8868,6
983;61;51;9;29;20/02/2023;-9870,7
984;96;19;8;5;20/02/2023;7282,3
985;47;53;7;27;21/02/2023;4076,9
986;8;2;3;43;21/02/2023;-379,5
987;52;25;11;67;21/02/2023;9765,6
988;49;8;3;26;21/02/2023;4762,5
989;53;51;4;6;21/02/2023;-8471,9
990;41;48;6;25;21/02/2023;-9577,7
991;13;31;9;54;21/02/2023;-1552,1
992;55;28;3;56;21/02/2023;8766
993;76;42;8;23;21/02/2023;8933
994;2;16;4;3;21/02/2023;-5453,5
995;1;13;1;66;21/02/2023;-3959,5
996;55;2;4;17;21/02/2023;8839,2
997;18;41;8;63;21/02/2023;1984,2
998;14;35;3;13;21/02/2023;-2460,7
999;72;1;4;23;21/02/2023;-9975,9
1000;97;7;6;41;21/02/2023;-2910,6
1001;25;6;8;1;21/02/2023;5293,2
1002;98;46;8;18;21/02/2023;1910
1003;4;23;4;31;21/02/2023;7877,3
1004;67;30;0;19;21/02/2023;6308,6
1005;15;53;1;25;22/02/2023;9117
1006;98;2;5;64;22/02/2023;5112,6
1007;43;40;1;1;22/02/2023;-1320,1
1008;73;44;5;56;22/02/2023;6421,1
1009;11;3;2;55;22/02/2023;-6120
1010;45;37;5;41;22/02/2023;9458,1
1011;21;2;4;6;22/02/2023;-9099,6
1012;93;0;6;69;22/02/2023;-8545,8
1013;50;43;0;23;22/02/2023;2999,9
1014;58;10;0;0;22/02/2023;5049,3
1015;50;27;4;29;22/02/2023;1824,6
1016;93;2;4;21;22/02/2023;1336,2
1017;55;33;1;54;22/02/2023;5916,2
1018;58;4;5;66;22/02/2023;-4010,3
1019;92;16;10;46;22/02/2023;8423,6
1020;44;37;6;45;22/02/2023;8886,9
1021;86;31;3;50;22/02/2023;9081
1022;37;50;0;56;23/02/2023;3599,8
1023;19;34;8;35;23/02/2023;9441,9
1024;86;47;4;46;23/02/2023;-2073,8
1025;11;11;10;2;23/02/2023;4746,7
1026;59;26;5;67;23/02/2023;3994
1027;69;40;10;26;23/02/2023;9192,8
1028;45;7;4;51;23/02/2023;-155,8
1029;41;37;2;65;23/02/2023;-992,6
1030;100;9;5;32;23/02/2023;-9042,2
1031;30;37;1;51;23/02/2023;-7211,9
1032;16;10;11;31;23/02/2023;-5974,9
1033;95;32;5;57;24/02/2023;-3870,1
1034;77;26;1;67;24/02/2023;-8999,2
1035;3;36;7;33;24/02/2023;9701,9
1036;20;34;11;10;24/02/2023;-8040,2
1037;72;16;4;28;24/02/2023;-1371,3
1038;96;50;3;54;24/02/2023;-3491,3
1039;66;34;0;45;24/02/2023;-8353,7
1040;49;49;7;58;24/02/2023;669,9
1041;88;22;5;10;24/02/2023;-7170,1
1042;62;32;11;15;24/02/2023;-1681,2
1043;29;35;5;59;24/02/2023;-2449
1044;16;52;1;45;24/02/2023;-5520,6
1045;4;45;10;45;24/02/2023;-8011,6
1046;29;45;9;17;25/02/2023;1228,2
1047;33;26;6;60;25/02/2023;-878,5
1048;99;8;6;6;25/02/2023;-5826,2
1049;37;44;0;10;25/02/2023;8657,3
1050;7;46;2;41;25/02/2023;-2502,6
1051;69;37;2;36;25/02/2023;1699,6
1052;9;31;11;1;25/02/2023;-1113,1
1053;31;27;11;19;25/02/2023;-7393,7
1054;74;4;11;49;25/02/2023;-9853,8
1055;22;39;6;14;25/02/2023;-8611,6
1056;59;4;3;25;25/02/2023;8735,1
1057;93;10;6;3;25/02/2023;2006,4
1058;62;4;1;41;25/02/2023;-7924,8
1059;11;24;7;44;25/02/2023;9370,6
1060;97;16;3;38;25/02/2023;3097,4
1061;39;30;9;43;25/02/2023;-9065,5
1062;33;13;10;55;25/02/2023;3280,9
1063;24;43;9;65;25/02/2023;-2654,6
1064;38;36;3;3;25/02/2023;3173,5
1065;46;15;11;30;25/02/2023;-3486,4
1066;86;48;8;36;25/02/2023;7976,3
1067;73;45;3;67;25/02/2023;-1128,6
1068;98;9;8;23;25/02/2023;-8269,8
1069;52;44;9;5;25/02/2023;-8492,9
1070;77;41;1;55;25/02/2023;-4618,3
1071;52;43;4;62;26/02/2023;-2659,8
1072;22;18;10;32;26/02/2023;-6778,8
1073;1;24;5;31;26/02/2023;4068,7
1074;6;12;6;2;26/02/2023;-4750,5
1075;95;7;8;57;26/02/2023;5808,7
1076;8;17;0;10;26/02/2023;2865,2
1077;33;33;6;67;26/02/2023;-9059,8
1078;32;1;10;21;26/02/2023;245,2
1079;64;31;8;6;26/02/2023;5076,3
1080;60;34;9;53;26/02/2023;-1199,8
1081;53;5;0;61;26/02/2023;4675,5
1082;36;3;6;22;26/02/2023;-484,4
1083;24;13;4;18;26/02/2023;1321,9
1084;26;18;2;18;26/02/2023;-2068,5
1085;61;3;2;51;26/02/2023;-9741,7
1086;3;53;9;36;26/02/2023;-4841,7
1087;81;47;5;54;26/02/2023;-5216,3
1088;10;39;4;15;26/02/2023;8544,6
1089;100;5;11;29;26/02/2023;-8200,8
1090;40;42;0;15;26/02/2023;-8831,2
1091;98;24;9;40;26/02/2023;-3199,5
1092;66;41;10;36;26/02/2023;-3781,1
1093;55;37;2;46;26/02/2023;7109,1
1094;20;11;9;55;26/02/2023;96,1
1095;23;15;2;13;26/02/2023;9393,2
1096;79;48;1;43;26/02/2023;9836,7
1097;17;44;10;56;26/02/2023;-3873,3
1098;52;39;8;26;26/02/2023;-6695,3
1099;90;37;1;58;27/02/2023;4469,7
1100;18;37;10;41;27/02/2023;-1601
1101;15;15;6;20;27/02/2023;-630,4
1102;35;38;11;67;27/02/2023;7577,9
1103;22;13;0;42;27/02/2023;170,3
1104;52;4;7;58;27/02/2023;-50,3
1105;100;13;8;3;27/02/2023;4768,5
1106;54;16;9;62;27/02/2023;437
1107;88;3;1;62;27/02/2023;4005
1108;25;24;11;8;27/02/2023;-6991,3
1109;45;9;7;32;27/02/2023;8823,8
1110;56;7;11;8;27/02/2023;635,6
1111;68;15;4;18;27/02/2023;-7009,4
1112;93;4;9;35;27/02/2023;9839,9
1113;12;28;1;33;27/02/2023;8635,8
1114;55;31;2;48;27/02/2023;-2864,7
1115;1;53;2;35;27/02/2023;944,9
1116;78;17;9;1;27/02/2023;-6889,5
1117;67;40;2;6;27/02/2023;6579,1
1118;20;46;1;6;27/02/2023;-478,6
1119;20;51;5;12;28/02/2023;-6380,2
1120;52;37;0;4;28/02/2023;2845,6
1121;22;52;7;36;28/02/2023;9971,5
1122;1;11;7;62;28/02/2023;-5454,1
1123;50;43;5;44;28/02/2023;-1348
1124;30;38;6;49;28/02/2023;6020,7
1125;20;36;6;22;28/02/2023;-4085,8
1126;92;45;6;55;28/02/2023;5325,6
1127;34;10;5;56;28/02/2023;-6207,6
1128;1;3;6;60;28/02/2023;-3341,7
1129;61;31;10;53;28/02/2023;-7512,4
1130;23;42;9;48;28/02/2023;4871,6
1131;71;10;9;54;28/02/2023;2781
1132;62;40;8;63;28/02/2023;-7293,9
1133;73;40;6;26;28/02/2023;673,1
1134;50;46;3;41;28/02/2023;-8027,2
1135;76;40;10;40;28/02/2023;-26,7
1136;39;21;5;16;28/02/2023;8137,4
1137;44;38;8;55;28/02/2023;-2775,9
1138;73;35;0;65;28/02/2023;9092,6
1139;75;32;6;24;28/02/2023;9027
1140;22;50;8;40;28/02/2023;3439,1
1141;94;20;10;3;28/02/2023;4454,7
1142;90;51;10;43;28/02/2023;7097,8
1143;3;32;9;38;28/02/2023;-1097,5
1144;46;48;1;54;01/03/2023;-4721,1
1145;89;18;0;7;01/03/2023;-9636,3
1146;72;0;10;33;01/03/2023;7037,9
1147;54;13;5;48;01/03/2023;-2386,8
1148;48;45;7;18;01/03/2023;-879,6
1149;73;52;2;68;01/03/2023;9658,8
1150;84;44;9;68;01/03/2023;8376
1151;14;10;9;2;01/03/2023;-9580,1
1152;37;49;6;21;01/03/2023;-3171,2
1153;66;43;4;6;01/03/2023;-4131,3
1154;92;16;11;67;01/03/2023;4173,8
1155;88;10;8;5;01/03/2023;-6388,7
1156;60;32;1;28;01/03/2023;2884
1157;88;17;5;22;01/03/2023;-7019,7
1158;9;31;4;2;01/03/2023;-8145,1
1159;82;54;3;43;01/03/2023;6083,8
1160;44;34;10;4;01/03/2023;7838,4
1161;82;40;1;58;02/03/2023;1959,6
1162;87;28;8;34;02/03/2023;3431,1
1163;86;51;2;7;02/03/2023;1962,9
1164;81;1;11;15;02/03/2023;5634,6
1165;12;34;9;13;02/03/2023;-4245,1
1166;7;7;7;55;02/03/2023;-2259,5
1167;64;47;6;3;02/03/2023;5668,2
1168;95;26;5;54;02/03/2023;5916,6
1169;78;30;2;54;02/03/2023;787,7
1170;39;35;11;18;02/03/2023;6206,7
1171;79;23;8;57;02/03/2023;3774,1
1172;10;39;3;36;02/03/2023;8283,8
1173;54;17;3;12;02/03/2023;-3013,8
1174;91;20;0;19;02/03/2023;6147,7
1175;64;34;11;29;03/03/2023;5840,4
1176;44;10;9;33;03/03/2023;3997,3
1177;11;48;4;53;03/03/2023;-3832,2
1178;84;6;9;17;03/03/2023;2980,6
1179;53;14;5;10;03/03/2023;5911,9
1180;27;3;11;37;03/03/2023;-8990,9
1181;60;46;5;39;03/03/2023;-1999,9
1182;91;46;3;54;03/03/2023;-755,3
1183;2;52;3;58;03/03/2023;-2554,5
1184;24;52;8;42;03/03/2023;5791,1
1185;48;9;0;26;03/03/2023;-3789,4
1186;6;17;10;49;03/03/2023;4546,6
1187;49;36;6;47;03/03/2023;2117,3
1188;63;32;11;5;03/03/2023;8087
1189;49;54;4;31;03/03/2023;-7892,5
1190;25;11;2;49;03/03/2023;-7201,6
1191;86;30;7;12;03/03/2023;2307,1
1192;92;5;9;7;03/03/2023;3421,7
1193;42;54;0;23;04/03/2023;-7176,2
1194;23;52;5;6;04/03/2023;-9519,3
1195;70;31;1;17;04/03/2023;-3395,2
1196;75;1;4;20;04/03/2023;-3498,1
1197;99;52;1;22;04/03/2023;231,4
1198;24;28;1;20;04/03/2023;-1932,8
1199;24;37;7;4;04/03/2023;4166,7
1200;3;2;9;10;04/03/2023;1214
1201;93;32;9;11;04/03/2023;9557,6
1202;95;9;11;32;04/03/2023;8618,8
1203;32;36;6;58;04/03/2023;3782,7
1204;30;7;8;25;04/03/2023;2351
1205;95;15;4;51;04/03/2023;-8512,4
1206;14;41;6;27;04/03/2023;9569,9
1207;94;3;2;47;04/03/2023;2319,1
1208;3;36;1;34;04/03/2023;9916,5
1209;29;0;6;21;04/03/2023;1920,9
1210;43;37;2;60;04/03/2023;3221,1
1211;45;44;4;41;05/03/2023;7739,3
1212;50;47;3;1;05/03/2023;-1557,6
1213;99;35;1;63;05/03/2023;-7485,8
1214;42;29;10;55;05/03/2023;7779
1215;85;29;10;43;05/03/2023;-5837,8
1216;69;18;0;47;05/03/2023;-3009,4
1217;97;47;9;56;05/03/2023;3077,3
1218;67;13;0;52;05/03/2023;2403,3
1219;1;26;5;67;05/03/2023;6586,5
1220;17;35;3;29;05/03/2023;-5299
1221;40;17;7;5;05/03/2023;3741,3
1222;83;16;0;2;05/03/2023;-8063
1223;5;11;0;27;05/03/2023;-9308
1224;12;22;10;16;05/03/2023;-6599,1
1225;54;25;11;57;05/03/2023;3771,1
1226;36;32;4;52;05/03/2023;-1568,5
1227;5;29;11;55;05/03/2023;5365,9
1228;40;25;4;18;05/03/2023;7675,2
1229;23;29;11;29;05/03/2023;1957,8
1230;61;24;0;13;05/03/2023;-5666
1231;60;40;9;65;06/03/2023;-13,7
1232;43;45;1;16;06/03/2023;3698,2
1233;91;52;4;29;06/03/2023;-157,5
1234;49;23;0;65;06/03/2023;-8288,3
1235;23;52;4;40;06/03/2023;9576,5
1236;60;12;0;14;06/03/2023;-405,1
1237;36;3;8;65;06/03/2023;4726,3
1238;92;23;4;38;06/03/2023;4120,8
1239;46;39;7;1;06/03/2023;-5557,5
1240;72;48;5;69;06/03/2023;-3939,9
1241;80;24;9;52;06/03/2023;5829,2
1242;82;17;7;68;06/03/2023;-5340,9
1243;41;39;4;53;06/03/2023;-2517,1
1244;47;24;7;11;06/03/2023;2800,8
1245;66;53;5;41;06/03/2023;1139,5
1246;6;37;5;42;06/03/2023;-7471,6
1247;97;37;7;68;06/03/2023;-2300,4
1248;97;34;10;7;06/03/2023;9874,7
1249;55;16;2;69;06/03/2023;-2308,3
1250;12;52;3;20;06/03/2023;-1960,7
1251;19;38;8;45;06/03/2023;4507,3
1252;35;29;7;40;06/03/2023;699,4
1253;89;41;8;45;06/03/2023;6817,5
1254;2;23;3;57;06/03/2023;-1607,3
1255;42;25;8;49;06/03/2023;3286,7
1256;55;22;11;3;07/03/2023;5077,4
1257;37;21;1;47;07/03/2023;-6474,3
1258;55;1;10;18;07/03/2023;9358,8
1259;28;13;0;51;07/03/2023;3768
1260;35;3;3;53;07/03/2023;-523,9
1261;50;30;9;17;07/03/2023;-4221,4
1262;92;6;10;68;07/03/2023;756
1263;77;0;9;31;07/03/2023;5964
1264;35;33;1;47;07/03/2023;-7296,4
1265;87;51;7;46;07/03/2023;3367,1
1266;93;45;10;35;07/03/2023;563,4
1267;34;8;10;32;07/03/2023;2208,8
1268;77;3;7;42;07/03/2023;-8057,5
1269;58;51;7;0;07/03/2023;9805,4
1270;45;42;10;56;07/03/2023;-4489,3
1271;53;42;10;26;07/03/2023;-8568,3
1272;71;2;5;64;07/03/2023;-285,8
1273;77;28;5;67;07/03/2023;-4349,5
1274;70;27;3;2;07/03/2023;2273,2
1275;73;23;7;16;07/03/2023;-7542,6
1276;20;4;10;68;07/03/2023;2554,9
1277;9;50;1;49;07/03/2023;-2992,5
1278;82;1;1;23;08/03/2023;5377,9
1279;54;52;11;3;08/03/2023;-1718,9
1280;56;54;5;40;08/03/2023;-2894
1281;3;32;11;12;08/03/2023;1275,3
1282;17;32;6;39;08/03/2023;222
1283;51;49;0;46;08/03/2023;-9661,8
1284;7;23;9;1;08/03/2023;-1326,4
1285;72;27;7;68;08/03/2023;5305,1
1286;55;12;11;17;08/03/2023;5697,3
1287;44;1;9;48;08/03/2023;-7405,8
1288;11;42;3;43;08/03/2023;-1272,7
1289;51;38;11;45;08/03/2023;-32,4
1290;24;18;11;52;08/03/2023;6197,6
1291;86;21;4;66;08/03/2023;4690,5
1292;32;7;5;40;08/03/2023;-1806,2
1293;47;2;2;61;08/03/2023;8686,9
1294;52;21;9;22;08/03/2023;-8959,7
1295;90;23;1;22;08/03/2023;-6227,2
1296;66;17;7;52;08/03/2023;1959,4
1297;15;49;1;6;08/03/2023;7113,4
1298;72;53;8;66;08/03/2023;5102
1299;28;50;7;5;08/03/2023;-1862,9
1300;28;9;0;64;08/03/2023;2289,1
1301;18;40;2;16;08/03/2023;4469,6
1302;44;27;7;28;09/03/2023;-3660,5
1303;18;15;9;15;09/03/2023;9757,7
1304;24;17;8;5;09/03/2023;-7312,6
1305;93;7;3;44;09/03/2023;1549,5
1306;28;12;9;20;09/03/2023;768,5
1307;96;16;2;62;09/03/2023;-6749
1308;76;51;4;34;09/03/2023;-7742,9
1309;44;24;3;33;09/03/2023;5870,1
1310;60;22;10;43;09/03/2023;-4623,8
1311;40;38;9;60;09/03/2023;-2216,2
1312;10;11;1;46;09/03/2023;4692,2
1313;59;1;6;66;09/03/2023;8979,8
1314;65;28;7;26;09/03/2023;6589,9
1315;91;45;5;68;09/03/2023;1417
1316;97;40;9;68;09/03/2023;8093,4
1317;55;15;5;22;10/03/2023;-2739
1318;27;28;3;16;10/03/2023;9964,9
1319;95;54;6;11;10/03/2023;1279
1320;73;47;11;51;10/03/2023;-2623,7
1321;88;12;9;9;10/03/2023;-1206,9
1322;49;32;9;57;10/03/2023;1691,2
1323;36;5;1;63;10/03/2023;-722,9
1324;94;15;0;18;10/03/2023;-2833,9
1325;26;30;3;33;10/03/2023;6090,2
1326;1;43;1;58;10/03/2023;-5571,8
1327;99;23;5;43;10/03/2023;-4939,4
1328;14;45;8;49;10/03/2023;7291,3
1329;18;32;6;61;10/03/2023;2798,9
1330;7;11;3;68;11/03/2023;3348,3
1331;11;53;9;68;11/03/2023;-6262,1
1332;60;12;5;51;11/03/2023;7755,8
1333;7;8;5;32;11/03/2023;2509,1
1334;58;13;8;29;11/03/2023;4117
1335;2;6;11;18;11/03/2023;-4135,9
1336;92;25;1;18;11/03/2023;6655,8
1337;24;39;0;20;11/03/2023;-5243,9
1338;95;17;11;17;11/03/2023;-4176,9
1339;62;25;11;13;11/03/2023;2022,1
1340;19;36;10;11;11/03/2023;-7686,9
1341;75;54;11;18;11/03/2023;-4811,7
1342;99;3;3;69;11/03/2023;-1890,4
1343;20;1;3;62;11/03/2023;-7467,8
1344;14;25;7;16;11/03/2023;5933,1
1345;24;41;3;60;11/03/2023;-2881,3
1346;4;47;9;11;11/03/2023;2267,4
1347;63;47;8;51;11/03/2023;7023
1348;41;33;8;50;11/03/2023;8577,4
1349;41;38;4;35;11/03/2023;8290,4
1350;91;53;5;50;11/03/2023;3926,6
1351;27;0;11;29;11/03/2023;-7121,6
1352;72;21;5;67;11/03/2023;-7163,8
1353;100;17;1;24;11/03/2023;-1039,1
1354;85;12;10;13;11/03/2023;-3,2
1355;32;28;3;35;11/03/2023;-71,2
1356;2;34;3;32;11/03/2023;9957
1357;91;41;5;45;11/03/2023;9149,9
1358;65;53;9;13;12/03/2023;3501,2
1359;17;22;9;30;12/03/2023;-4250,2
1360;36;22;7;39;12/03/2023;6125,3
1361;64;9;8;56;12/03/2023;-4178,9
1362;80;12;0;58;12/03/2023;-9158,1
1363;8;1;9;56;12/03/2023;4594,7
1364;57;11;4;45;12/03/2023;7118,8
1365;98;29;10;19;12/03/2023;9637,2
1366;87;40;5;24;12/03/2023;-7386,7
1367;36;4;0;40;12/03/2023;-8864,3
1368;92;32;0;47;12/03/2023;-244,7
1369;11;27;8;1;12/03/2023;-2892,2
1370;96;0;9;7;12/03/2023;3053,7
1371;8;24;9;65;12/03/2023;-1116,1
1372;82;48;5;16;12/03/2023;7393,2
1373;12;5;10;69;12/03/2023;5346,4
1374;17;48;2;6;12/03/2023;3422,3
1375;50;39;4;48;12/03/2023;-7006,9
1376;13;21;2;63;12/03/2023;5149,8
1377;8;41;6;2;12/03/2023;-8748,3
1378;1;37;11;34;12/03/2023;9644,7
1379;32;1;8;21;12/03/2023;-9337,7
1380;60;3;2;54;12/03/2023;-2525,5
1381;60;35;1;63;12/03/2023;4734,1
1382;49;50;1;53;12/03/2023;-6686,4
1383;48;21;8;54;12/03/2023;5316
1384;14;11;8;5;12/03/2023;-2604,6
1385;42;0;8;38;13/03/2023;-5165,2
1386;45;9;7;0;13/03/2023;2253,3
1387;57;41;3;22;13/03/2023;-5929,5
1388;49;22;0;30;13/03/2023;9892
1389;82;3;2;61;13/03/2023;-8543,4
1390;3;13;8;58;13/03/2023;-8888,1
1391;17;40;5;66;13/03/2023;9676,6
1392;5;28;6;60;13/03/2023;3928,3
1393;93;42;0;23;13/03/2023;-8403,6
1394;24;1;1;1;13/03/2023;-9157,5
1395;74;52;10;61;13/03/2023;-2156
1396;92;0;0;63;13/03/2023;1482,4
1397;69;52;10;38;13/03/2023;-8300,8
1398;81;19;3;61;13/03/2023;3325,8
1399;68;4;4;16;13/03/2023;-4988,7
1400;31;22;5;6;13/03/2023;658,8
1401;90;30;6;61;13/03/2023;3702,5
1402;94;45;2;1;13/03/2023;9302,4
1403;59;37;1;13;13/03/2023;8989,2
1404;26;28;2;8;13/03/2023;-3662,4
1405;36;45;2;47;13/03/2023;-9215,5
1406;44;8;0;27;13/03/2023;-120,5
1407;29;4;5;28;13/03/2023;-1703,1
1408;87;29;9;19;14/03/2023;-9115,7
1409;12;12;5;41;14/03/2023;-8860,4
1410;79;33;4;40;14/03/2023;5679,3
1411;26;13;11;3;14/03/2023;9328,6
1412;15;45;0;43;14/03/2023;7217,8
1413;76;50;3;48;14/03/2023;-1872,2
1414;92;29;9;33;14/03/2023;-9727,6
1415;71;27;1;20;14/03/2023;-3030,4
1416;61;1;4;30;14/03/2023;9876,6
1417;61;20;8;38;14/03/2023;9648,3
1418;45;28;0;31;14/03/2023;1254
1419;8;4;8;21;14/03/2023;7538,1
1420;5;39;9;18;14/03/2023;-8694,3
1421;62;23;7;26;14/03/2023;7242,5
1422;98;39;5;59;14/03/2023;-8311,5
1423;47;6;8;30;14/03/2023;-1140
1424;69;43;5;59;14/03/2023;7803,5
1425;76;13;7;69;14/03/2023;-252,7
1426;48;53;6;2;14/03/2023;-5359
1427;70;11;7;16;14/03/2023;2084,6
1428;18;44;5;28;14/03/2023;8309,5
1429;5;53;8;25;14/03/2023;-8319,8
1430;32;7;4;66;14/03/2023;-7011,3
1431;12;15;9;24;14/03/2023;-6567,7
1432;56;5;9;48;14/03/2023;-4239,1
1433;18;29;9;67;15/03/2023;7764
1434;5;48;8;8;15/03/2023;-4792
1435;43;34;2;51;15/03/2023;541,8
1436;88;52;7;45;15/03/2023;-4537,6
1437;21;49;3;41;15/03/2023;9095,1
1438;81;41;9;21;15/03/2023;9096,9
1439;15;17;2;40;15/03/2023;6788,7
1440;14;6;3;4;15/03/2023;4572,8
1441;84;53;3;8;15/03/2023;-4403,4
1442;52;22;8;30;15/03/2023;-7620,2
1443;95;0;8;25;15/03/2023;-8116,4
1444;84;25;4;51;15/03/2023;3742,9
1445;7;38;9;51;15/03/2023;4278,8
1446;57;10;1;29;15/03/2023;-5095,6
1447;11;28;2;28;15/03/2023;-8345,2
1448;60;24;0;0;15/03/2023;-6465,7
1449;58;45;1;58;15/03/2023;313,6
1450;74;25;11;47;15/03/2023;-1828,6
1451;22;35;0;11;16/03/2023;-649,8
1452;64;14;8;16;16/03/2023;8109,6
1453;72;49;9;48;16/03/2023;4688
1454;39;14;6;54;16/03/2023;-9946,4
1455;86;29;0;31;16/03/2023;8368,8
1456;76;26;3;60;16/03/2023;-1422,1
1457;55;15;3;20;16/03/2023;5633,7
1458;96;15;11;9;16/03/2023;5230,7
1459;95;30;11;8;16/03/2023;-8216,3
1460;83;51;4;32;16/03/2023;42,8
1461;4;7;6;28;16/03/2023;8908,4
1462;43;12;2;17;16/03/2023;-1987,6
1463;32;22;6;16;16/03/2023;-9698,6
1464;23;26;10;18;16/03/2023;4792,9
1465;99;28;5;8;16/03/2023;-6841,3
1466;8;38;8;21;16/03/2023;847,2
1467;95;38;0;3;16/03/2023;5014,5
1468;58;35;9;24;17/03/2023;5021,3
1469;57;49;5;28;17/03/2023;-8778,9
1470;68;28;11;55;17/03/2023;-542,7
1471;97;12;1;52;17/03/2023;2130,9
1472;100;6;11;13;17/03/2023;-8159,6
1473;94;21;5;15;17/03/2023;-3133,2
1474;33;18;9;33;17/03/2023;1089,5
1475;89;40;10;6;17/03/2023;-5328,3
1476;76;11;2;44;17/03/2023;-9392,7
1477;94;41;0;61;17/03/2023;-5235,4
1478;83;50;11;33;17/03/2023;4728
1479;20;5;5;28;17/03/2023;6641,1
1480;51;54;2;32;17/03/2023;-8384,9
1481;45;20;5;22;17/03/2023;5338
1482;84;1;3;8;17/03/2023;-9506,1
1483;84;53;1;31;17/03/2023;1954,8
1484;24;32;4;49;17/03/2023;-866,3
1485;14;6;6;37;17/03/2023;9284,1
1486;51;27;8;61;17/03/2023;-8423,7
1487;18;43;8;48;17/03/2023;9045,8
1488;21;5;10;20;17/03/2023;6436,9
1489;26;40;2;15;17/03/2023;-1216
1490;33;4;2;22;17/03/2023;-4972
1491;93;9;5;23;17/03/2023;-3779,8
1492;17;27;5;45;17/03/2023;-7170,6
1493;31;51;6;43;18/03/2023;-425
1494;75;23;8;17;18/03/2023;-646,6
1495;5;34;8;24;18/03/2023;-5603,8
1496;57;33;2;7;18/03/2023;-3611,8
1497;46;38;3;10;18/03/2023;-8157,8
1498;46;28;5;68;18/03/2023;8415,6
1499;83;28;1;36;18/03/2023;-6197,6
1500;65;54;6;7;18/03/2023;-999,7
1501;63;13;10;5;18/03/2023;9841,9
1502;89;51;5;4;18/03/2023;-2104,2
1503;27;15;6;21;18/03/2023;7306,3
1504;2;35;8;17;18/03/2023;-453,5
1505;71;21;11;45;18/03/2023;-9713,8
1506;83;0;6;32;18/03/2023;-1601,4
1507;41;38;0;41;18/03/2023;-3045,8
1508;60;13;10;50;18/03/2023;277,4
1509;15;6;11;48;18/03/2023;-1455,2
1510;97;15;7;23;18/03/2023;5316,1
1511;24;8;8;52;18/03/2023;3284,7
1512;21;18;11;62;19/03/2023;-8720,9
1513;13;2;8;53;19/03/2023;-3850,9
1514;72;50;5;34;19/03/2023;-2201,9
1515;73;18;9;6;19/03/2023;1508,4
1516;11;6;4;56;19/03/2023;3911,1
1517;49;12;5;6;19/03/2023;-9774,6
1518;19;7;1;31;19/03/2023;-1442,2
1519;56;12;0;52;19/03/2023;2295,1
1520;79;18;0;10;19/03/2023;732,3
1521;31;8;11;62;19/03/2023;447,3
1522;72;36;4;58;19/03/2023;-9541,1
1523;71;20;7;50;19/03/2023;-4051
1524;41;49;5;64;19/03/2023;-1906,5
1525;22;25;6;58;19/03/2023;6894,8
1526;6;10;11;66;19/03/2023;7639,6
1527;3;20;4;63;19/03/2023;306,8
1528;16;39;4;44;19/03/2023;-8413,7
1529;36;34;0;26;19/03/2023;9741,5
1530;29;2;8;53;19/03/2023;-8501,4
1531;16;54;8;61;19/03/2023;-2584,1
1532;72;48;9;39;19/03/2023;3183,4
1533;80;39;2;45;19/03/2023;7257,3
1534;79;34;1;53;19/03/2023;7909,4
1535;28;31;6;22;19/03/2023;5924,7
1536;11;26;10;55;19/03/2023;6007
1537;61;50;1;51;19/03/2023;863,8
1538;53;15;5;26;20/03/2023;2685,5
1539;92;9;4;5;20/03/2023;8097,9
1540;25;34;2;15;20/03/2023;5535,6
1541;61;32;7;52;20/03/2023;3729,6
1542;18;34;4;53;20/03/2023;-4619,6
1543;55;37;7;20;20/03/2023;-2182,5
1544;35;43;10;57;20/03/2023;4521,3
1545;88;40;8;69;20/03/2023;534,2
1546;50;39;2;54;20/03/2023;3740,2
1547;2;10;8;18;20/03/2023;-7146
1548;27;45;3;51;20/03/2023;6084,7
1549;40;5;8;10;20/03/2023;-1326,1
1550;51;37;11;13;20/03/2023;-9250,4
1551;46;35;11;33;20/03/2023;4652,5
1552;73;39;7;68;20/03/2023;4573,5
1553;92;18;5;5;20/03/2023;-9528,3
1554;15;39;5;15;20/03/2023;-2398,1
1555;70;20;6;28;20/03/2023;969,4
1556;26;17;0;1;20/03/2023;-2714,1
1557;37;27;8;47;20/03/2023;8326,8
1558;59;48;8;68;20/03/2023;-4036,7
1559;26;47;6;11;20/03/2023;2861,5
1560;4;44;5;53;20/03/2023;4715,7
1561;95;23;6;51;20/03/2023;-7142,7
1562;48;30;8;13;20/03/2023;-5787,3
1563;83;20;9;16;20/03/2023;-8591,8
1564;33;35;7;14;21/03/2023;5858,9
1565;19;19;8;12;21/03/2023;-1910,1
1566;36;5;4;63;21/03/2023;-1809,7
1567;64;49;8;30;21/03/2023;-6693,1
1568;29;46;10;14;21/03/2023;1644,1
1569;53;4;6;6;21/03/2023;-512,5
1570;68;22;7;56;21/03/2023;-6851,7
1571;94;31;1;37;21/03/2023;-6076,3
1572;24;35;4;2;21/03/2023;-6890,1
1573;35;22;10;54;21/03/2023;7097
1574;74;9;7;5;21/03/2023;8252,6
1575;54;14;2;33;21/03/2023;3548,5
1576;88;49;8;34;21/03/2023;-7452
1577;61;33;9;35;21/03/2023;1399,7
1578;31;26;7;3;21/03/2023;5577,4
1579;76;29;4;27;21/03/2023;2803,6
1580;84;24;5;1;21/03/2023;-2547,1
1581;85;14;0;66;21/03/2023;-1434,9
1582;45;2;10;54;21/03/2023;-9458,5
1583;38;42;1;22;21/03/2023;-2038,9
1584;36;12;11;56;21/03/2023;-2483,7
1585;10;29;2;9;21/03/2023;-4358,8
1586;48;23;7;23;22/03/2023;9807,8
1587;2;37;0;47;22/03/2023;-4040,3
1588;28;13;4;38;22/03/2023;1480,8
1589;39;46;5;21;22/03/2023;-9704,1
1590;78;24;2;41;22/03/2023;7545,9
1591;70;54;7;26;22/03/2023;-8209,6
1592;54;27;7;38;22/03/2023;-574,2
1593;91;30;10;35;22/03/2023;-5787,2
1594;92;47;0;47;22/03/2023;7775,8
1595;82;27;9;1;22/03/2023;699,2
1596;26;16;5;45;22/03/2023;2247,2
1597;79;23;9;18;22/03/2023;8116,1
1598;61;54;3;2;22/03/2023;306,2
1599;47;33;6;48;22/03/2023;-3846,5
1600;17;44;10;61;22/03/2023;5825,3
1601;8;27;0;23;22/03/2023;3724,8
1602;8;27;1;43;22/03/2023;2935,4
1603;80;48;6;48;22/03/2023;-578,4
1604;96;36;6;68;22/03/2023;-1508,4
1605;17;10;11;39;22/03/2023;7443,2
1606;43;30;11;69;23/03/2023;6344,2
1607;78;23;2;8;23/03/2023;5405,5
1608;44;42;0;28;23/03/2023;-3675,1
1609;49;28;11;40;23/03/2023;-1463,9
1610;42;6;6;58;23/03/2023;6774
1611;47;10;8;44;23/03/2023;-9155,1
1612;75;23;5;60;23/03/2023;-7381,7
1613;2;38;11;21;23/03/2023;7713,1
1614;90;54;0;2;23/03/2023;3338,9
1615;95;54;10;60;23/03/2023;-7809,7
1616;88;33;1;56;23/03/2023;-1721
1617;8;27;3;25;23/03/2023;-7737,7
1618;15;4;11;55;23/03/2023;-5141,4
1619;49;4;1;41;23/03/2023;4180,7
1620;7;39;3;7;23/03/2023;2318,1
1621;5;22;6;12;23/03/2023;-2809,6
1622;42;42;1;67;23/03/2023;8196,6
1623;62;37;11;5;23/03/2023;6365,2
1624;2;33;5;62;23/03/2023;-563,4
1625;76;42;3;59;24/03/2023;2244,9
1626;26;9;9;60;24/03/2023;6726,2
1627;3;40;9;16;24/03/2023;7007
1628;83;0;6;31;24/03/2023;6312
1629;69;34;3;25;24/03/2023;-6909
1630;26;18;8;58;24/03/2023;5811,3
1631;33;27;11;58;24/03/2023;9218,5
1632;16;19;7;1;24/03/2023;-5554
1633;52;32;10;18;24/03/2023;-8056
1634;77;31;2;38;24/03/2023;-8064,1
1635;35;53;11;17;24/03/2023;5772,6
1636;26;23;3;5;24/03/2023;-3696,6
1637;61;17;6;32;24/03/2023;-5332,3
1638;49;40;3;22;24/03/2023;9553,7
1639;18;33;8;41;24/03/2023;7395,3
1640;84;46;0;31;24/03/2023;7295,2
1641;4;13;4;68;24/03/2023;-1118,7
1642;79;7;5;2;24/03/2023;-1837,6
1643;54;1;8;44;24/03/2023;4531,7
1644;59;41;0;46;24/03/2023;-9722,7
1645;47;49;1;6;24/03/2023;-6827,1
1646;90;1;9;51;24/03/2023;409,2
1647;79;18;7;19;25/03/2023;3753,8
1648;7;28;1;8;25/03/2023;-7098,9
1649;26;12;0;5;25/03/2023;-9200,2
1650;74;36;2;45;25/03/2023;-3222,4
1651;55;5;0;67;25/03/2023;6629,5
1652;61;24;11;52;25/03/2023;4992,6
1653;86;34;9;50;25/03/2023;-3820
1654;42;14;11;8;25/03/2023;-1347,6
1655;89;26;8;28;25/03/2023;3028,4
1656;20;41;5;45;25/03/2023;-6801,7
1657;29;1;7;9;25/03/2023;-7947,3
1658;27;20;4;45;25/03/2023;7933,1
1659;82;27;11;42;25/03/2023;9290
1660;66;15;6;15;25/03/2023;-8247,5
1661;41;49;9;2;25/03/2023;-6363,4
1662;98;35;2;47;25/03/2023;-2888,4
1663;48;25;1;13;25/03/2023;-1610,4
1664;15;39;10;21;25/03/2023;2598,2
1665;81;48;6;12;25/03/2023;-7250,1
1666;48;7;3;14;25/03/2023;-7400,7
1667;23;15;7;42;25/03/2023;-3230
1668;11;31;4;5;25/03/2023;1833
1669;86;45;7;14;25/03/2023;-8004,6
1670;84;5;2;2;25/03/2023;792,9
1671;4;9;0;39;26/03/2023;-3438,3
1672;46;21;6;49;26/03/2023;-2695,4
1673;66;23;7;42;26/03/2023;-5763,3
1674;69;39;0;1;26/03/2023;-2218,4
1675;99;37;10;62;26/03/2023;4221
1676;14;49;9;59;26/03/2023;6554,5
1677;32;10;9;51;26/03/2023;-9454,3
1678;59;48;0;7;26/03/2023;3005
1679;31;9;2;21;26/03/2023;-8955,6
1680;86;25;11;47;26/03/2023;8225,5
1681;11;43;3;56;26/03/2023;-7456,9
1682;22;43;7;50;26/03/2023;-9597,9
1683;61;38;0;44;26/03/2023;-5169,9
1684;91;49;3;51;26/03/2023;-6359,7
1685;48;52;8;67;26/03/2023;5954,8
1686;72;12;7;32;26/03/2023;-3111,3
1687;42;49;1;28;26/03/2023;5537,6
1688;45;33;6;57;26/03/2023;576,6
1689;92;8;6;53;26/03/2023;9718,2
1690;65;8;7;60;26/03/2023;-3632,5
1691;89;49;7;49;26/03/2023;-9578,6
1692;92;54;0;26;26/03/2023;-2926,3
1693;87;50;7;44;26/03/2023;-2415,8
1694;5;51;6;49;26/03/2023;2419,6
1695;47;11;1;11;26/03/2023;-947,6
1696;32;37;8;38;26/03/2023;-6511,2
1697;47;34;5;19;27/03/2023;-7236,1
1698;30;39;3;13;27/03/2023;-7484,7
1699;7;29;4;11;27/03/2023;-4381,8
1700;90;31;4;66;27/03/2023;337,4
1701;99;11;5;47;27/03/2023;-3978,8
1702;86;48;5;51;27/03/2023;-3967,4
1703;55;39;5;35;27/03/2023;-5379,2
1704;17;1;3;27;27/03/2023;6180
1705;1;39;6;7;27/03/2023;-9791,5
1706;70;40;10;56;27/03/2023;4025
1707;66;36;8;28;27/03/2023;3393,6
1708;14;48;7;60;27/03/2023;-1040,5
1709;8;31;0;30;27/03/2023;3147,6
1710;85;52;8;16;27/03/2023;2983,7
1711;99;8;7;28;27/03/2023;-6328,2
1712;9;0;8;20;27/03/2023;-3172,6
1713;61;34;2;4;27/03/2023;-7806,8
1714;4;2;6;16;28/03/2023;-2198
1715;51;10;2;39;28/03/2023;-1720,1
1716;1;9;7;54;28/03/2023;997,8
1717;97;8;4;29;28/03/2023;1822,3
1718;50;26;5;3;28/03/2023;-3926,7
1719;74;30;10;53;28/03/2023;-166,1
1720;30;32;5;34;28/03/2023;2504,7
1721;38;18;2;60;28/03/2023;-8351,5
1722;54;12;7;39;28/03/2023;-8611,1
1723;46;34;1;27;28/03/2023;7583,6
1724;71;46;11;53;28/03/2023;2876,9
1725;99;43;0;61;28/03/2023;8837,6
1726;47;34;3;59;28/03/2023;2108,8
1727;5;48;3;6;28/03/2023;-2628,5
1728;59;52;11;16;29/03/2023;-9178,1
1729;75;50;0;22;29/03/2023;5666
1730;15;42;3;52;29/03/2023;7805
1731;13;23;6;7;29/03/2023;-3732,4
1732;72;51;9;63;29/03/2023;9521,6
1733;8;38;2;24;29/03/2023;-1366,7
1734;71;11;11;54;29/03/2023;-5042,9
1735;32;10;6;49;29/03/2023;7319,8
1736;79;19;10;49;29/03/2023;1303,2
1737;76;13;0;4;29/03/2023;-8196,1
1738;66;27;3;7;29/03/2023;-4875,5
1739;21;50;10;34;29/03/2023;8001,8
1740;83;4;9;0;29/03/2023;1583,7
1741;30;34;5;8;29/03/2023;5134,6
1742;6;40;6;39;29/03/2023;-8221,7
1743;54;29;3;69;29/03/2023;-414,1
1744;67;34;10;66;29/03/2023;-8418,6
1745;9;42;6;42;29/03/2023;-7218,4
1746;82;10;0;66;29/03/2023;-2173,2
1747;75;33;10;69;29/03/2023;-6305,9
1748;41;45;7;11;29/03/2023;-4495,5
1749;11;39;10;22;29/03/2023;-5950,6
1750;10;14;9;22;30/03/2023;-2232,5
1751;47;50;3;11;30/03/2023;-3029,5
1752;58;16;6;57;30/03/2023;1994
1753;57;23;5;16;30/03/2023;-7570,4
1754;68;7;2;55;30/03/2023;3235,7
1755;18;51;7;52;30/03/2023;-6230
1756;76;15;5;4;30/03/2023;-9800,4
1757;91;42;6;14;30/03/2023;-7540,1
1758;67;22;5;57;30/03/2023;-7905,4
1759;97;45;10;27;30/03/2023;4029,7
1760;95;54;2;60;30/03/2023;-5303,2
1761;98;35;10;69;30/03/2023;1836,1
1762;97;39;2;61;30/03/2023;1305,2
1763;22;41;0;58;30/03/2023;1146,2
1764;74;29;8;45;30/03/2023;-7000,2
1765;92;37;7;4;30/03/2023;7615,2
1766;5;1;2;59;30/03/2023;9493,3
1767;64;26;3;23;30/03/2023;159,9
1768;43;44;5;21;30/03/2023;-7859,2
1769;39;27;10;7;30/03/2023;-2371,7
1770;58;46;5;26;30/03/2023;9741,9
1771;40;25;0;54;30/03/2023;-7354,5
1772;3;4;3;18;30/03/2023;8449,7
1773;33;34;5;38;31/03/2023;3263,6
1774;21;7;1;46;31/03/2023;-2048,5
1775;56;28;0;26;31/03/2023;-9560,9
1776;17;13;0;64;31/03/2023;1893,5
1777;86;5;11;21;31/03/2023;832,6
1778;82;41;2;2;31/03/2023;-4281,5
1779;88;14;8;3;31/03/2023;855,4
1780;53;24;7;44;31/03/2023;-7773,7
1781;60;35;6;50;31/03/2023;1818,2
1782;21;36;2;30;31/03/2023;5754,8
1783;11;10;4;50;31/03/2023;5796,4
1784;58;44;6;63;31/03/2023;-8472,2
1785;64;44;5;10;31/03/2023;515
1786;31;52;10;69;31/03/2023;-1514,5
1787;22;10;6;18;31/03/2023;7270,2
1788;23;50;2;26;31/03/2023;-8434,4
1789;32;25;4;31;31/03/2023;-3459,1
1790;57;28;8;22;01/04/2023;-4365,6
1791;55;27;4;44;01/04/2023;-5482,2
1792;42;15;5;19;01/04/2023;1588,5
1793;96;37;5;13;01/04/2023;4556
1794;22;10;0;31;01/04/2023;-8883,6
1795;94;29;3;62;01/04/2023;4650,9
1796;18;25;2;41;01/04/2023;-3891,5
1797;60;12;8;13;01/04/2023;4609,3
1798;82;47;3;8;01/04/2023;2644,9
1799;42;36;5;18;01/04/2023;309,7
1800;10;7;2;45;01/04/2023;3926,4
1801;29;22;9;60;01/04/2023;-3575,8
1802;44;9;1;17;01/04/2023;-1154,6
1803;20;38;2;30;01/04/2023;8439,5
1804;46;11;11;19;01/04/2023;3753,8
1805;22;44;5;38;01/04/2023;9749,3
1806;52;52;9;63;01/04/2023;-4076
1807;66;12;4;2;02/04/2023;1237,7
1808;96;28;0;7;02/04/2023;-6888,4
1809;75;22;8;1;02/04/2023;-1532,6
1810;98;15;0;7;02/04/2023;6003,7
1811;11;9;11;20;02/04/2023;-6620,8
1812;37;53;4;16;02/04/2023;8083,6
1813;69;33;1;43;02/04/2023;2254,6
1814;68;44;7;58;02/04/2023;-985,7
1815;76;17;10;55;02/04/2023;5502,8
1816;79;52;9;36;02/04/2023;5566,8
1817;35;29;9;9;02/04/2023;-5151,8
1818;83;50;0;69;02/04/2023;-1618,6
1819;91;21;0;24;02/04/2023;2474,4
1820;66;45;2;22;02/04/2023;-7161,3
1821;10;2;1;11;02/04/2023;-2253,9
1822;16;19;0;8;02/04/2023;-1350,2
1823;32;43;3;53;02/04/2023;-8410,7
1824;51;39;8;5;03/04/2023;-4200,7
1825;5;50;11;22;03/04/2023;-983,7
1826;45;15;3;2;03/04/2023;-5287,7
1827;100;20;11;62;03/04/2023;-5589
1828;35;44;7;39;03/04/2023;-7694,6
1829;70;0;6;22;03/04/2023;4444,9
1830;33;40;5;9;03/04/2023;-7366,3
1831;49;44;9;69;03/04/2023;-6834,7
1832;70;8;5;48;03/04/2023;-845,8
1833;30;24;4;5;03/04/2023;2136,9
1834;37;28;11;45;03/04/2023;-6008
1835;5;51;9;42;03/04/2023;-3486,9
1836;67;14;0;36;03/04/2023;1308,5
1837;20;52;9;25;03/04/2023;-7462,5
1838;87;10;11;11;03/04/2023;-521,5
1839;69;24;9;4;03/04/2023;-2019,9
1840;13;47;8;36;03/04/2023;-3946,5
1841;55;4;9;3;03/04/2023;-6722,1
1842;60;27;0;25;03/04/2023;6603,5
1843;29;46;7;50;03/04/2023;-5152
1844;35;24;10;30;03/04/2023;9393,9
1845;49;9;2;14;03/04/2023;9065,9
1846;68;36;8;65;03/04/2023;5162,8
1847;45;7;5;18;03/04/2023;1324
1848;39;53;1;16;03/04/2023;-811,2
1849;11;18;2;36;03/04/2023;-2529,8
1850;92;3;1;23;04/04/2023;1746,9
1851;41;33;7;65;04/04/2023;-9090,9
1852;44;42;10;7;04/04/2023;-3219,5
1853;22;12;6;36;04/04/2023;1957,6
1854;31;17;10;39;04/04/2023;2352,9
1855;90;53;4;56;04/04/2023;-1470,8
1856;93;35;4;41;04/04/2023;-9905,2
1857;67;53;3;6;04/04/2023;2260,6
1858;79;42;4;19;04/04/2023;-3355,1
1859;17;37;9;64;04/04/2023;4976,2
1860;48;51;1;2;04/04/2023;-8920,3
1861;80;11;2;8;04/04/2023;5120,8
1862;13;36;1;66;04/04/2023;6118,8
1863;43;3;0;39;04/04/2023;6790,8
1864;63;12;2;27;04/04/2023;-973
1865;14;19;3;36;04/04/2023;3438
1866;44;34;11;56;04/04/2023;-2188,2
1867;17;34;5;43;04/04/2023;2949,8
1868;49;9;3;3;04/04/2023;5359
1869;26;10;6;16;04/04/2023;575,7
1870;18;6;11;3;04/04/2023;9246,6
1871;17;44;8;4;04/04/2023;-1205,8
1872;41;31;8;2;04/04/2023;-664,4
1873;67;50;10;25;04/04/2023;8996,9
1874;89;36;1;25;04/04/2023;-8742,5
1875;78;27;2;0;04/04/2023;-661,4
1876;13;29;6;35;04/04/2023;-5090,7
1877;72;9;2;5;04/04/2023;982,5
1878;2;43;5;61;05/04/2023;1474,1
1879;23;42;2;42;05/04/2023;5959,4
1880;33;52;5;68;05/04/2023;9502,1
1881;89;42;7;23;05/04/2023;-3552,7
1882;25;5;3;9;05/04/2023;-1156,6
1883;73;43;11;50;05/04/2023;-7671,1
1884;13;44;4;27;05/04/2023;-477
1885;95;52;0;62;05/04/2023;2652,6
1886;89;50;3;7;05/04/2023;-4874,4
1887;18;28;0;18;05/04/2023;9291,1
1888;70;22;8;42;05/04/2023;3640,9
1889;96;5;0;10;06/04/2023;4772
1890;22;41;9;0;06/04/2023;2988,5
1891;52;46;4;38;06/04/2023;911,7
1892;94;16;1;32;06/04/2023;-7310,3
1893;49;32;10;59;06/04/2023;-7642,1
1894;51;50;0;43;06/04/2023;-9772,2
1895;52;3;10;57;06/04/2023;-4499,2
1896;98;14;5;16;06/04/2023;2149,5
1897;25;9;8;1;06/04/2023;-896,8
1898;88;14;3;66;06/04/2023;-5443,6
1899;42;46;10;4;06/04/2023;-9031,2
1900;85;2;9;24;06/04/2023;-9304,7
1901;87;30;10;18;06/04/2023;320,4
1902;75;30;5;10;06/04/2023;7911,4
1903;25;26;7;33;06/04/2023;-6872
1904;77;25;10;10;06/04/2023;-5611,3
1905;93;47;6;8;06/04/2023;-3743,1
1906;74;34;4;43;07/04/2023;-462,8
1907;93;47;1;46;07/04/2023;-1255,8
1908;56;12;1;13;07/04/2023;6548,5
1909;100;44;7;19;07/04/2023;-7380,1
1910;99;24;11;24;07/04/2023;-3353,4
1911;20;44;11;3;07/04/2023;1907,6
1912;68;0;9;67;07/04/2023;2555,1
1913;5;50;8;41;07/04/2023;-8831,3
1914;23;16;8;16;07/04/2023;-784,1
1915;80;21;3;39;07/04/2023;-3776,7
1916;10;48;4;4;07/04/2023;-5065,6
1917;51;14;11;5;07/04/2023;4516,3
1918;68;40;4;37;07/04/2023;9361,7
1919;34;33;0;48;07/04/2023;-6479,8
1920;41;41;11;47;07/04/2023;7167,9
1921;99;15;7;50;07/04/2023;-3853,3
1922;84;10;0;0;07/04/2023;1889,5
1923;58;38;4;33;07/04/2023;-2857,7
1924;28;54;10;18;07/04/2023;-8637
1925;53;41;4;28;07/04/2023;6675,2
1926;74;11;11;57;07/04/2023;-2170
1927;95;15;3;56;07/04/2023;-5714,1
1928;54;31;1;22;07/04/2023;-9591,6
1929;27;4;10;10;07/04/2023;2777,3
1930;22;9;11;58;07/04/2023;5740,7
1931;44;37;4;16;07/04/2023;-8136,6
1932;94;50;4;31;07/04/2023;3202,1
1933;4;51;2;24;07/04/2023;-3724,1
1934;84;1;6;43;07/04/2023;1485,5
1935;55;10;8;43;08/04/2023;-825
1936;96;10;5;62;08/04/2023;-7495,7
1937;30;39;7;52;08/04/2023;-3673,4
1938;68;32;5;42;08/04/2023;-3126,7
1939;43;29;7;11;08/04/2023;-337,9
1940;45;8;3;15;08/04/2023;-1536,5
1941;94;27;9;15;08/04/2023;-9228,5
1942;3;6;10;65;08/04/2023;-617
1943;78;17;5;21;08/04/2023;-9349,4
1944;85;47;10;48;08/04/2023;-7981,3
1945;2;12;3;45;08/04/2023;1272,8
1946;34;0;8;53;08/04/2023;5880,8
1947;87;52;8;56;08/04/2023;380,4
1948;36;26;9;15;08/04/2023;-906,3
1949;22;0;1;6;09/04/2023;-3751,3
1950;80;26;10;34;09/04/2023;-7533,2
1951;80;3;5;59;09/04/2023;7794,2
1952;3;47;4;55;09/04/2023;-1095
1953;39;4;4;22;09/04/2023;7403,8
1954;23;47;3;24;09/04/2023;7159,3
1955;93;26;11;24;09/04/2023;8924,4
1956;17;19;8;31;09/04/2023;2878,1
1957;26;34;7;62;09/04/2023;9448
1958;82;41;6;8;09/04/2023;16,5
1959;79;34;9;55;09/04/2023;-8940,8
1960;100;2;6;9;09/04/2023;-7928
1961;62;20;4;19;09/04/2023;1859,4
1962;11;13;8;58;09/04/2023;8374,9
1963;47;29;8;16;09/04/2023;8022,8
1964;84;52;1;21;09/04/2023;-8307,2
1965;51;38;11;51;09/04/2023;-9341,5
1966;49;27;6;42;09/04/2023;7797,3
1967;3;2;4;15;09/04/2023;4084,1
1968;33;19;4;42;09/04/2023;-8243,6
1969;45;13;9;33;09/04/2023;-9631,6
1970;97;47;8;20;09/04/2023;7320,9
1971;75;29;10;54;09/04/2023;-9251,9
1972;23;25;10;43;10/04/2023;-8930,3
1973;98;42;0;57;10/04/2023;7447,7
1974;43;27;5;55;10/04/2023;-5332
1975;56;5;6;32;10/04/2023;-9453,3
1976;30;6;11;62;10/04/2023;-6027,6
1977;72;31;0;61;10/04/2023;3818,2
1978;18;46;6;41;10/04/2023;-2046
1979;22;40;1;36;10/04/2023;-6846,8
1980;53;22;10;5;10/04/2023;6331,9
1981;39;14;4;56;10/04/2023;-5334,2
1982;17;35;2;15;10/04/2023;-3848,8
1983;8;13;8;30;11/04/2023;-5564,6
1984;11;12;0;24;11/04/2023;9257
1985;4;12;3;51;11/04/2023;-5404,8
1986;42;43;2;12;11/04/2023;1242,3
1987;47;4;4;34;11/04/2023;-4949
1988;25;17;2;59;11/04/2023;-919,3
1989;39;7;8;21;11/04/2023;2527,9
1990;97;34;7;56;11/04/2023;3824,4
1991;55;47;4;17;11/04/2023;-2478,6
1992;77;49;2;12;11/04/2023;-5820,9
1993;52;46;6;19;11/04/2023;6792,9
1994;30;5;11;25;11/04/2023;9347,8
1995;19;30;3;10;11/04/2023;5079,4
1996;22;37;4;68;11/04/2023;3049,6
1997;77;52;0;3;11/04/2023;-1840,9
1998;73;22;2;68;11/04/2023;-5221,4
1999;12;31;4;42;11/04/2023;-9965,1
2000;6;42;10;46;11/04/2023;-8444,3
